-- 권한
insert into authority (`created_at`, `authority_name`) values (TIMESTAMP '2023-10-11 00:00:00.123456', 'ROLE_ADMIN');
insert into authority (`created_at`, `authority_name`) values (TIMESTAMP '2023-10-11 00:00:00.123456', 'ROLE_MANAGER');
insert into authority (`created_at`, `authority_name`) values (TIMESTAMP '2023-10-11 00:00:00.123456', 'ROLE_USER');

-- 운영자
INSERT INTO member (`created_at`, `certified`, `email`, `introduction`, `password`, `username`) VALUES (TIMESTAMP '2023-10-11 00:00:00.123456', 'CERTIFIED', 'admin@admin.com', '운영자에요', '$2a$10$xvKKHfryO0OPVJgAq9xhQeZWqAvPkN7Z5CDXs3utdsFVathqxuoFG', '운영자');

-- 업로드(기본 프로필 이미지)
insert into upload (`created_at`, `extension`, `file_category`, `origin_name`, `saved_name`, `size`, `type`, `url`, `member_id`) values (TIMESTAMP '2023-10-11 00:00:00.123456', 'jpg', 'PROFILE', 'user.jpg', '0931cff5-6538-43c0-abac-5e24971c7fab-1697722638656.jpg', 8206, 'image/jpeg' ,'https://66day-bucket.s3.ap-northeast-2.amazonaws.com/profile/0931cff5-6538-43c0-abac-5e24971c7fab-1697722638656.jpg', 1);
insert into upload (`created_at`, `extension`, `file_category`, `origin_name`, `saved_name`, `size`, `type`, `url`, `member_id`) values (TIMESTAMP '2023-10-11 00:00:00.123456', 'png', 'BACKGROUND', 'background.png', '364f1621-128a-4df1-bd4b-1a9378fa47c9-1697722639817.png', 1503, 'image/png' ,'https://66day-bucket.s3.ap-northeast-2.amazonaws.com/background/364f1621-128a-4df1-bd4b-1a9378fa47c9-1697722639817.png', 1);

update member set `profile_image_id` = 1 where `member_id` = 1;
update member set `background_image_id` = 2 where `member_id` = 1;

-- 유저
INSERT INTO member (`created_at`, `certified`, `email`, `introduction`, `password`, `username`, `profile_image_id`, `background_image_id`) VALUES (TIMESTAMP '2023-10-11 00:00:00.123456', 'CERTIFIED', 'user@user.com', '유저에요', '$2a$10$C9qR.UDIavY5A4u7defjae5pU4R2HoLDwE1XGxOZDXy/lj2YGQPWG', '유저', 1, 2);



-- 권한
insert into member_authority (`created_at`, `member_id`, `authority_id`) values (TIMESTAMP '2023-10-11 00:00:00.123456', 1, 1);
insert into member_authority (`created_at`, `member_id`, `authority_id`) values (TIMESTAMP '2023-10-11 00:00:00.123456', 1, 2);
insert into member_authority (`created_at`, `member_id`, `authority_id`) values (TIMESTAMP '2023-10-11 00:00:00.123456', 1, 3);
insert into member_authority (`created_at`, `member_id`, `authority_id`) values (TIMESTAMP '2023-10-11 00:00:00.123456', 2, 3);


insert into habit (background_color, created_at, deleted_at, font_color, habit_name, habit_visibility, member_id, progress, update_at) values ('PINK', '2023-11-09T23:02:46', NULL, 'WHITE', '하루 1L 물 마시기', 'PUBLIC', 1, 100, '2023-11-09T23:02:46');
insert into habit (background_color, created_at, deleted_at, font_color, habit_name, habit_visibility, member_id, progress, update_at) values ('ORANGE', '2023-11-09T23:02:46', NULL, 'BLACK', '하루 30분 명상', 'PUBLIC', 1, 100, '2023-11-09T23:02:46');
insert into habit (background_color, created_at, deleted_at, font_color, habit_name, habit_visibility, member_id, progress, update_at) values ('LIGHTGREEN', '2023-11-09T23:02:46', NULL, 'WHITE', '하루 2시간 운동', 'PUBLIC', 1, 100, '2023-11-09T23:02:46');
insert into habit (background_color, created_at, deleted_at, font_color, habit_name, habit_visibility, member_id, progress, update_at) values ('MINT', '2023-11-09T23:02:46', NULL, 'BLACK', '하루 1시간 책 읽기', 'PUBLIC', 1, 100, '2023-11-09T23:02:46');
insert into habit (background_color, created_at, deleted_at, font_color, habit_name, habit_visibility, member_id, progress, update_at) values ('SKYBLUE', '2023-11-09T23:02:46', NULL, 'WHITE', '밥 3끼 챙겨먹기', 'PUBLIC', 1, 100, '2023-11-09T23:02:46');
insert into habit (background_color, created_at, deleted_at, font_color, habit_name, habit_visibility, member_id, progress, update_at) values ('BLUE', '2023-11-09T23:02:46', NULL, 'BLACK', '부모님한테 안부 전화하기', 'PUBLIC', 1, 100, '2023-11-09T23:02:46');
insert into habit (background_color, created_at, deleted_at, font_color, habit_name, habit_visibility, member_id, progress, update_at) values ('DARKBLUE', '2023-11-09T23:02:46', NULL, 'WHITE', '프로젝트 열심히 하기', 'PUBLIC', 1, 100, '2023-11-09T23:02:46');

insert into habit_tags (habit_id, tag_name) values (1, '건강');
insert into habit_tags (habit_id, tag_name) values (2, '건강');
insert into habit_tags (habit_id, tag_name) values (3, '건강');
insert into habit_tags (habit_id, tag_name) values (4, '건강');
insert into habit_tags (habit_id, tag_name) values (5, '건강');
insert into habit_tags (habit_id, tag_name) values (6, '건강');
insert into habit_tags (habit_id, tag_name) values (7, '건강');


--

insert into habit (background_color, created_at, deleted_at, font_color, habit_name, habit_visibility, member_id, progress, update_at) values ('DARKBLUE', '2023-11-09T18:02:46', NULL, 'WHITE', '프로젝트 열심히 하기', 'PUBLIC', 1, 100, NULL);
insert into habit (background_color, created_at, deleted_at, font_color, habit_name, habit_visibility, member_id, progress, update_at) values ('PINK', '2023-11-27T18:02:46', NULL, 'BLACK', '3일 테스트', 'PUBLIC', 1, 6, NULL);
insert into habit (background_color, created_at, deleted_at, font_color, habit_name, habit_visibility, member_id, progress, update_at) values ('LIGHTGREEN', '2023-11-23T18:02:46', NULL, 'WHITE', '7일 테스트', 'PUBLIC', 1, 6, NULL);
insert into habit (background_color, created_at, deleted_at, font_color, habit_name, habit_visibility, member_id, progress, update_at) values ('MINT', '2023-11-16T18:02:46', NULL, 'BLACK', '14일 테스트', 'PUBLIC', 1, 6, NULL);


insert into habit_record (`achievement_rate`, `created_at`, `day_number`, `deleted_at`, `habit_id`, `update_at`) values (100, '2023-10-11 00:00:00.123456', 1, NULL, 1, '2023-10-11 00:00:00.123456');
insert into habit_record (`achievement_rate`, `created_at`, `day_number`, `deleted_at`, `habit_id`, `update_at`) values (100, '2023-10-11 00:00:00.123456', 2, NULL, 1, '2023-10-11 00:00:00.123456');
insert into habit_record (`achievement_rate`, `created_at`, `day_number`, `deleted_at`, `habit_id`, `update_at`) values (100, '2023-10-11 00:00:00.123456', 3, NULL, 1, '2023-10-11 00:00:00.123456');
insert into habit_record (`achievement_rate`, `created_at`, `day_number`, `deleted_at`, `habit_id`, `update_at`) values (100, '2023-10-11 00:00:00.123456', 4, NULL, 1, '2023-10-11 00:00:00.123456');
insert into habit_record (`achievement_rate`, `created_at`, `day_number`, `deleted_at`, `habit_id`, `update_at`) values (100, '2023-10-11 00:00:00.123456', 5, NULL, 1, '2023-10-11 00:00:00.123456');
insert into habit_record (`achievement_rate`, `created_at`, `day_number`, `deleted_at`, `habit_id`, `update_at`) values (100, '2023-10-11 00:00:00.123456', 6, NULL, 1, '2023-10-11 00:00:00.123456');
insert into habit_record (`achievement_rate`, `created_at`, `day_number`, `deleted_at`, `habit_id`, `update_at`) values (100, '2023-10-11 00:00:00.123456', 7, NULL, 1, '2023-10-11 00:00:00.123456');
insert into habit_record (`achievement_rate`, `created_at`, `day_number`, `deleted_at`, `habit_id`, `update_at`) values (100, '2023-10-11 00:00:00.123456', 8, NULL, 1, '2023-10-11 00:00:00.123456');
insert into habit_record (`achievement_rate`, `created_at`, `day_number`, `deleted_at`, `habit_id`, `update_at`) values (100, '2023-10-11 00:00:00.123456', 9, NULL, 1, '2023-10-11 00:00:00.123456');
insert into habit_record (`achievement_rate`, `created_at`, `day_number`, `deleted_at`, `habit_id`, `update_at`) values (100, '2023-10-11 00:00:00.123456', 10, NULL, 1, '2023-10-11 00:00:00.123456');
insert into habit_record (`achievement_rate`, `created_at`, `day_number`, `deleted_at`, `habit_id`, `update_at`) values (100, '2023-10-11 00:00:00.123456', 11, NULL, 1, '2023-10-11 00:00:00.123456');
insert into habit_record (`achievement_rate`, `created_at`, `day_number`, `deleted_at`, `habit_id`, `update_at`) values (100, '2023-10-11 00:00:00.123456', 12, NULL, 1, '2023-10-11 00:00:00.123456');
insert into habit_record (`achievement_rate`, `created_at`, `day_number`, `deleted_at`, `habit_id`, `update_at`) values (100, '2023-10-11 00:00:00.123456', 13, NULL, 1, '2023-10-11 00:00:00.123456');
insert into habit_record (`achievement_rate`, `created_at`, `day_number`, `deleted_at`, `habit_id`, `update_at`) values (100, '2023-10-11 00:00:00.123456', 14, NULL, 1, '2023-10-11 00:00:00.123456');
insert into habit_record (`achievement_rate`, `created_at`, `day_number`, `deleted_at`, `habit_id`, `update_at`) values (100, '2023-10-11 00:00:00.123456', 15, NULL, 1, '2023-10-11 00:00:00.123456');
insert into habit_record (`achievement_rate`, `created_at`, `day_number`, `deleted_at`, `habit_id`, `update_at`) values (100, '2023-10-11 00:00:00.123456', 16, NULL, 1, '2023-10-11 00:00:00.123456');
insert into habit_record (`achievement_rate`, `created_at`, `day_number`, `deleted_at`, `habit_id`, `update_at`) values (100, '2023-10-11 00:00:00.123456', 17, NULL, 1, '2023-10-11 00:00:00.123456');
insert into habit_record (`achievement_rate`, `created_at`, `day_number`, `deleted_at`, `habit_id`, `update_at`) values (100, '2023-10-11 00:00:00.123456', 18, NULL, 1, '2023-10-11 00:00:00.123456');
insert into habit_record (`achievement_rate`, `created_at`, `day_number`, `deleted_at`, `habit_id`, `update_at`) values (100, '2023-10-11 00:00:00.123456', 19, NULL, 1, '2023-10-11 00:00:00.123456');
insert into habit_record (`achievement_rate`, `created_at`, `day_number`, `deleted_at`, `habit_id`, `update_at`) values (100, '2023-10-11 00:00:00.123456', 20, NULL, 1, '2023-10-11 00:00:00.123456');
insert into habit_record (`achievement_rate`, `created_at`, `day_number`, `deleted_at`, `habit_id`, `update_at`) values (100, '2023-10-11 00:00:00.123456', 21, NULL, 1, '2023-10-11 00:00:00.123456');
insert into habit_record (`achievement_rate`, `created_at`, `day_number`, `deleted_at`, `habit_id`, `update_at`) values (100, '2023-10-11 00:00:00.123456', 22, NULL, 1, '2023-10-11 00:00:00.123456');
insert into habit_record (`achievement_rate`, `created_at`, `day_number`, `deleted_at`, `habit_id`, `update_at`) values (100, '2023-10-11 00:00:00.123456', 23, NULL, 1, '2023-10-11 00:00:00.123456');
insert into habit_record (`achievement_rate`, `created_at`, `day_number`, `deleted_at`, `habit_id`, `update_at`) values (100, '2023-10-11 00:00:00.123456', 24, NULL, 1, '2023-10-11 00:00:00.123456');
insert into habit_record (`achievement_rate`, `created_at`, `day_number`, `deleted_at`, `habit_id`, `update_at`) values (100, '2023-10-11 00:00:00.123456', 25, NULL, 1, '2023-10-11 00:00:00.123456');
insert into habit_record (`achievement_rate`, `created_at`, `day_number`, `deleted_at`, `habit_id`, `update_at`) values (100, '2023-10-11 00:00:00.123456', 26, NULL, 1, '2023-10-11 00:00:00.123456');
insert into habit_record (`achievement_rate`, `created_at`, `day_number`, `deleted_at`, `habit_id`, `update_at`) values (100, '2023-10-11 00:00:00.123456', 27, NULL, 1, '2023-10-11 00:00:00.123456');
insert into habit_record (`achievement_rate`, `created_at`, `day_number`, `deleted_at`, `habit_id`, `update_at`) values (100, '2023-10-11 00:00:00.123456', 28, NULL, 1, '2023-10-11 00:00:00.123456');
insert into habit_record (`achievement_rate`, `created_at`, `day_number`, `deleted_at`, `habit_id`, `update_at`) values (100, '2023-10-11 00:00:00.123456', 29, NULL, 1, '2023-10-11 00:00:00.123456');
insert into habit_record (`achievement_rate`, `created_at`, `day_number`, `deleted_at`, `habit_id`, `update_at`) values (100, '2023-10-11 00:00:00.123456', 30, NULL, 1, '2023-10-11 00:00:00.123456');
insert into habit_record (`achievement_rate`, `created_at`, `day_number`, `deleted_at`, `habit_id`, `update_at`) values (100, '2023-10-11 00:00:00.123456', 31, NULL, 1, '2023-10-11 00:00:00.123456');
insert into habit_record (`achievement_rate`, `created_at`, `day_number`, `deleted_at`, `habit_id`, `update_at`) values (100, '2023-10-11 00:00:00.123456', 32, NULL, 1, '2023-10-11 00:00:00.123456');
insert into habit_record (`achievement_rate`, `created_at`, `day_number`, `deleted_at`, `habit_id`, `update_at`) values (100, '2023-10-11 00:00:00.123456', 33, NULL, 1, '2023-10-11 00:00:00.123456');
insert into habit_record (`achievement_rate`, `created_at`, `day_number`, `deleted_at`, `habit_id`, `update_at`) values (100, '2023-10-11 00:00:00.123456', 34, NULL, 1, '2023-10-11 00:00:00.123456');
insert into habit_record (`achievement_rate`, `created_at`, `day_number`, `deleted_at`, `habit_id`, `update_at`) values (100, '2023-10-11 00:00:00.123456', 35, NULL, 1, '2023-10-11 00:00:00.123456');
insert into habit_record (`achievement_rate`, `created_at`, `day_number`, `deleted_at`, `habit_id`, `update_at`) values (100, '2023-10-11 00:00:00.123456', 36, NULL, 1, '2023-10-11 00:00:00.123456');
insert into habit_record (`achievement_rate`, `created_at`, `day_number`, `deleted_at`, `habit_id`, `update_at`) values (100, '2023-10-11 00:00:00.123456', 37, NULL, 1, '2023-10-11 00:00:00.123456');
insert into habit_record (`achievement_rate`, `created_at`, `day_number`, `deleted_at`, `habit_id`, `update_at`) values (100, '2023-10-11 00:00:00.123456', 38, NULL, 1, '2023-10-11 00:00:00.123456');
insert into habit_record (`achievement_rate`, `created_at`, `day_number`, `deleted_at`, `habit_id`, `update_at`) values (100, '2023-10-11 00:00:00.123456', 39, NULL, 1, '2023-10-11 00:00:00.123456');
insert into habit_record (`achievement_rate`, `created_at`, `day_number`, `deleted_at`, `habit_id`, `update_at`) values (100, '2023-10-11 00:00:00.123456', 40, NULL, 1, '2023-10-11 00:00:00.123456');
insert into habit_record (`achievement_rate`, `created_at`, `day_number`, `deleted_at`, `habit_id`, `update_at`) values (100, '2023-10-11 00:00:00.123456', 41, NULL, 1, '2023-10-11 00:00:00.123456');
insert into habit_record (`achievement_rate`, `created_at`, `day_number`, `deleted_at`, `habit_id`, `update_at`) values (100, '2023-10-11 00:00:00.123456', 42, NULL, 1, '2023-10-11 00:00:00.123456');
insert into habit_record (`achievement_rate`, `created_at`, `day_number`, `deleted_at`, `habit_id`, `update_at`) values (100, '2023-10-11 00:00:00.123456', 43, NULL, 1, '2023-10-11 00:00:00.123456');
insert into habit_record (`achievement_rate`, `created_at`, `day_number`, `deleted_at`, `habit_id`, `update_at`) values (100, '2023-10-11 00:00:00.123456', 44, NULL, 1, '2023-10-11 00:00:00.123456');
insert into habit_record (`achievement_rate`, `created_at`, `day_number`, `deleted_at`, `habit_id`, `update_at`) values (100, '2023-10-11 00:00:00.123456', 45, NULL, 1, '2023-10-11 00:00:00.123456');
insert into habit_record (`achievement_rate`, `created_at`, `day_number`, `deleted_at`, `habit_id`, `update_at`) values (100, '2023-10-11 00:00:00.123456', 46, NULL, 1, '2023-10-11 00:00:00.123456');
insert into habit_record (`achievement_rate`, `created_at`, `day_number`, `deleted_at`, `habit_id`, `update_at`) values (100, '2023-10-11 00:00:00.123456', 47, NULL, 1, '2023-10-11 00:00:00.123456');
insert into habit_record (`achievement_rate`, `created_at`, `day_number`, `deleted_at`, `habit_id`, `update_at`) values (100, '2023-10-11 00:00:00.123456', 48, NULL, 1, '2023-10-11 00:00:00.123456');
insert into habit_record (`achievement_rate`, `created_at`, `day_number`, `deleted_at`, `habit_id`, `update_at`) values (100, '2023-10-11 00:00:00.123456', 49, NULL, 1, '2023-10-11 00:00:00.123456');
insert into habit_record (`achievement_rate`, `created_at`, `day_number`, `deleted_at`, `habit_id`, `update_at`) values (100, '2023-10-11 00:00:00.123456', 50, NULL, 1, '2023-10-11 00:00:00.123456');
insert into habit_record (`achievement_rate`, `created_at`, `day_number`, `deleted_at`, `habit_id`, `update_at`) values (100, '2023-10-11 00:00:00.123456', 51, NULL, 1, '2023-10-11 00:00:00.123456');
insert into habit_record (`achievement_rate`, `created_at`, `day_number`, `deleted_at`, `habit_id`, `update_at`) values (100, '2023-10-11 00:00:00.123456', 52, NULL, 1, '2023-10-11 00:00:00.123456');
insert into habit_record (`achievement_rate`, `created_at`, `day_number`, `deleted_at`, `habit_id`, `update_at`) values (100, '2023-10-11 00:00:00.123456', 53, NULL, 1, '2023-10-11 00:00:00.123456');
insert into habit_record (`achievement_rate`, `created_at`, `day_number`, `deleted_at`, `habit_id`, `update_at`) values (100, '2023-10-11 00:00:00.123456', 54, NULL, 1, '2023-10-11 00:00:00.123456');
insert into habit_record (`achievement_rate`, `created_at`, `day_number`, `deleted_at`, `habit_id`, `update_at`) values (100, '2023-10-11 00:00:00.123456', 55, NULL, 1, '2023-10-11 00:00:00.123456');
insert into habit_record (`achievement_rate`, `created_at`, `day_number`, `deleted_at`, `habit_id`, `update_at`) values (100, '2023-10-11 00:00:00.123456', 56, NULL, 1, '2023-10-11 00:00:00.123456');
insert into habit_record (`achievement_rate`, `created_at`, `day_number`, `deleted_at`, `habit_id`, `update_at`) values (100, '2023-10-11 00:00:00.123456', 57, NULL, 1, '2023-10-11 00:00:00.123456');
insert into habit_record (`achievement_rate`, `created_at`, `day_number`, `deleted_at`, `habit_id`, `update_at`) values (100, '2023-10-11 00:00:00.123456', 58, NULL, 1, '2023-10-11 00:00:00.123456');
insert into habit_record (`achievement_rate`, `created_at`, `day_number`, `deleted_at`, `habit_id`, `update_at`) values (100, '2023-10-11 00:00:00.123456', 59, NULL, 1, '2023-10-11 00:00:00.123456');
insert into habit_record (`achievement_rate`, `created_at`, `day_number`, `deleted_at`, `habit_id`, `update_at`) values (100, '2023-10-11 00:00:00.123456', 60, NULL, 1, '2023-10-11 00:00:00.123456');
insert into habit_record (`achievement_rate`, `created_at`, `day_number`, `deleted_at`, `habit_id`, `update_at`) values (100, '2023-10-11 00:00:00.123456', 61, NULL, 1, '2023-10-11 00:00:00.123456');
insert into habit_record (`achievement_rate`, `created_at`, `day_number`, `deleted_at`, `habit_id`, `update_at`) values (100, '2023-10-11 00:00:00.123456', 62, NULL, 1, '2023-10-11 00:00:00.123456');
insert into habit_record (`achievement_rate`, `created_at`, `day_number`, `deleted_at`, `habit_id`, `update_at`) values (100, '2023-10-11 00:00:00.123456', 63, NULL, 1, '2023-10-11 00:00:00.123456');
insert into habit_record (`achievement_rate`, `created_at`, `day_number`, `deleted_at`, `habit_id`, `update_at`) values (100, '2023-10-11 00:00:00.123456', 64, NULL, 1, '2023-10-11 00:00:00.123456');
insert into habit_record (`achievement_rate`, `created_at`, `day_number`, `deleted_at`, `habit_id`, `update_at`) values (100, '2023-10-11 00:00:00.123456', 65, NULL, 1, '2023-10-11 00:00:00.123456');
insert into habit_record (`achievement_rate`, `created_at`, `day_number`, `deleted_at`, `habit_id`, `update_at`) values (100, '2023-10-11 00:00:00.123456', 66, NULL, 1, '2023-10-11 00:00:00.123456');


insert into habit_record (`achievement_rate`, `created_at`, `day_number`, `deleted_at`, `habit_id`, `update_at`) values (100, '2023-10-11 00:00:00.123456', 1, NULL, 2, '2023-10-11 00:00:00.123456');
insert into habit_record (`achievement_rate`, `created_at`, `day_number`, `deleted_at`, `habit_id`, `update_at`) values (100, '2023-10-11 00:00:00.123456', 2, NULL, 2, '2023-10-11 00:00:00.123456');
insert into habit_record (`achievement_rate`, `created_at`, `day_number`, `deleted_at`, `habit_id`, `update_at`) values (100, '2023-10-11 00:00:00.123456', 3, NULL, 2, '2023-10-11 00:00:00.123456');
insert into habit_record (`achievement_rate`, `created_at`, `day_number`, `deleted_at`, `habit_id`, `update_at`) values (100, '2023-10-11 00:00:00.123456', 4, NULL, 2, '2023-10-11 00:00:00.123456');
insert into habit_record (`achievement_rate`, `created_at`, `day_number`, `deleted_at`, `habit_id`, `update_at`) values (100, '2023-10-11 00:00:00.123456', 5, NULL, 2, '2023-10-11 00:00:00.123456');
insert into habit_record (`achievement_rate`, `created_at`, `day_number`, `deleted_at`, `habit_id`, `update_at`) values (100, '2023-10-11 00:00:00.123456', 6, NULL, 2, '2023-10-11 00:00:00.123456');
insert into habit_record (`achievement_rate`, `created_at`, `day_number`, `deleted_at`, `habit_id`, `update_at`) values (100, '2023-10-11 00:00:00.123456', 7, NULL, 2, '2023-10-11 00:00:00.123456');
insert into habit_record (`achievement_rate`, `created_at`, `day_number`, `deleted_at`, `habit_id`, `update_at`) values (100, '2023-10-11 00:00:00.123456', 8, NULL, 2, '2023-10-11 00:00:00.123456');
insert into habit_record (`achievement_rate`, `created_at`, `day_number`, `deleted_at`, `habit_id`, `update_at`) values (100, '2023-10-11 00:00:00.123456', 9, NULL, 2, '2023-10-11 00:00:00.123456');
insert into habit_record (`achievement_rate`, `created_at`, `day_number`, `deleted_at`, `habit_id`, `update_at`) values (100, '2023-10-11 00:00:00.123456', 10, NULL, 2, '2023-10-11 00:00:00.123456');
insert into habit_record (`achievement_rate`, `created_at`, `day_number`, `deleted_at`, `habit_id`, `update_at`) values (100, '2023-10-11 00:00:00.123456', 11, NULL, 2, '2023-10-11 00:00:00.123456');
insert into habit_record (`achievement_rate`, `created_at`, `day_number`, `deleted_at`, `habit_id`, `update_at`) values (100, '2023-10-11 00:00:00.123456', 12, NULL, 2, '2023-10-11 00:00:00.123456');
insert into habit_record (`achievement_rate`, `created_at`, `day_number`, `deleted_at`, `habit_id`, `update_at`) values (100, '2023-10-11 00:00:00.123456', 13, NULL, 2, '2023-10-11 00:00:00.123456');
insert into habit_record (`achievement_rate`, `created_at`, `day_number`, `deleted_at`, `habit_id`, `update_at`) values (100, '2023-10-11 00:00:00.123456', 14, NULL, 2, '2023-10-11 00:00:00.123456');
insert into habit_record (`achievement_rate`, `created_at`, `day_number`, `deleted_at`, `habit_id`, `update_at`) values (100, '2023-10-11 00:00:00.123456', 15, NULL, 2, '2023-10-11 00:00:00.123456');
insert into habit_record (`achievement_rate`, `created_at`, `day_number`, `deleted_at`, `habit_id`, `update_at`) values (100, '2023-10-11 00:00:00.123456', 16, NULL, 2, '2023-10-11 00:00:00.123456');
insert into habit_record (`achievement_rate`, `created_at`, `day_number`, `deleted_at`, `habit_id`, `update_at`) values (100, '2023-10-11 00:00:00.123456', 17, NULL, 2, '2023-10-11 00:00:00.123456');
insert into habit_record (`achievement_rate`, `created_at`, `day_number`, `deleted_at`, `habit_id`, `update_at`) values (100, '2023-10-11 00:00:00.123456', 18, NULL, 2, '2023-10-11 00:00:00.123456');
insert into habit_record (`achievement_rate`, `created_at`, `day_number`, `deleted_at`, `habit_id`, `update_at`) values (100, '2023-10-11 00:00:00.123456', 19, NULL, 2, '2023-10-11 00:00:00.123456');
insert into habit_record (`achievement_rate`, `created_at`, `day_number`, `deleted_at`, `habit_id`, `update_at`) values (100, '2023-10-11 00:00:00.123456', 20, NULL, 2, '2023-10-11 00:00:00.123456');
insert into habit_record (`achievement_rate`, `created_at`, `day_number`, `deleted_at`, `habit_id`, `update_at`) values (100, '2023-10-11 00:00:00.123456', 21, NULL, 2, '2023-10-11 00:00:00.123456');
insert into habit_record (`achievement_rate`, `created_at`, `day_number`, `deleted_at`, `habit_id`, `update_at`) values (100, '2023-10-11 00:00:00.123456', 22, NULL, 2, '2023-10-11 00:00:00.123456');
insert into habit_record (`achievement_rate`, `created_at`, `day_number`, `deleted_at`, `habit_id`, `update_at`) values (100, '2023-10-11 00:00:00.123456', 23, NULL, 2, '2023-10-11 00:00:00.123456');
insert into habit_record (`achievement_rate`, `created_at`, `day_number`, `deleted_at`, `habit_id`, `update_at`) values (100, '2023-10-11 00:00:00.123456', 24, NULL, 2, '2023-10-11 00:00:00.123456');
insert into habit_record (`achievement_rate`, `created_at`, `day_number`, `deleted_at`, `habit_id`, `update_at`) values (100, '2023-10-11 00:00:00.123456', 25, NULL, 2, '2023-10-11 00:00:00.123456');
insert into habit_record (`achievement_rate`, `created_at`, `day_number`, `deleted_at`, `habit_id`, `update_at`) values (100, '2023-10-11 00:00:00.123456', 26, NULL, 2, '2023-10-11 00:00:00.123456');
insert into habit_record (`achievement_rate`, `created_at`, `day_number`, `deleted_at`, `habit_id`, `update_at`) values (100, '2023-10-11 00:00:00.123456', 27, NULL, 2, '2023-10-11 00:00:00.123456');
insert into habit_record (`achievement_rate`, `created_at`, `day_number`, `deleted_at`, `habit_id`, `update_at`) values (100, '2023-10-11 00:00:00.123456', 28, NULL, 2, '2023-10-11 00:00:00.123456');
insert into habit_record (`achievement_rate`, `created_at`, `day_number`, `deleted_at`, `habit_id`, `update_at`) values (100, '2023-10-11 00:00:00.123456', 29, NULL, 2, '2023-10-11 00:00:00.123456');
insert into habit_record (`achievement_rate`, `created_at`, `day_number`, `deleted_at`, `habit_id`, `update_at`) values (100, '2023-10-11 00:00:00.123456', 30, NULL, 2, '2023-10-11 00:00:00.123456');
insert into habit_record (`achievement_rate`, `created_at`, `day_number`, `deleted_at`, `habit_id`, `update_at`) values (100, '2023-10-11 00:00:00.123456', 31, NULL, 2, '2023-10-11 00:00:00.123456');
insert into habit_record (`achievement_rate`, `created_at`, `day_number`, `deleted_at`, `habit_id`, `update_at`) values (100, '2023-10-11 00:00:00.123456', 32, NULL, 2, '2023-10-11 00:00:00.123456');
insert into habit_record (`achievement_rate`, `created_at`, `day_number`, `deleted_at`, `habit_id`, `update_at`) values (100, '2023-10-11 00:00:00.123456', 33, NULL, 2, '2023-10-11 00:00:00.123456');
insert into habit_record (`achievement_rate`, `created_at`, `day_number`, `deleted_at`, `habit_id`, `update_at`) values (100, '2023-10-11 00:00:00.123456', 34, NULL, 2, '2023-10-11 00:00:00.123456');
insert into habit_record (`achievement_rate`, `created_at`, `day_number`, `deleted_at`, `habit_id`, `update_at`) values (100, '2023-10-11 00:00:00.123456', 35, NULL, 2, '2023-10-11 00:00:00.123456');
insert into habit_record (`achievement_rate`, `created_at`, `day_number`, `deleted_at`, `habit_id`, `update_at`) values (100, '2023-10-11 00:00:00.123456', 36, NULL, 2, '2023-10-11 00:00:00.123456');
insert into habit_record (`achievement_rate`, `created_at`, `day_number`, `deleted_at`, `habit_id`, `update_at`) values (100, '2023-10-11 00:00:00.123456', 37, NULL, 2, '2023-10-11 00:00:00.123456');
insert into habit_record (`achievement_rate`, `created_at`, `day_number`, `deleted_at`, `habit_id`, `update_at`) values (100, '2023-10-11 00:00:00.123456', 38, NULL, 2, '2023-10-11 00:00:00.123456');
insert into habit_record (`achievement_rate`, `created_at`, `day_number`, `deleted_at`, `habit_id`, `update_at`) values (100, '2023-10-11 00:00:00.123456', 39, NULL, 2, '2023-10-11 00:00:00.123456');
insert into habit_record (`achievement_rate`, `created_at`, `day_number`, `deleted_at`, `habit_id`, `update_at`) values (100, '2023-10-11 00:00:00.123456', 40, NULL, 2, '2023-10-11 00:00:00.123456');
insert into habit_record (`achievement_rate`, `created_at`, `day_number`, `deleted_at`, `habit_id`, `update_at`) values (100, '2023-10-11 00:00:00.123456', 41, NULL, 2, '2023-10-11 00:00:00.123456');
insert into habit_record (`achievement_rate`, `created_at`, `day_number`, `deleted_at`, `habit_id`, `update_at`) values (100, '2023-10-11 00:00:00.123456', 42, NULL, 2, '2023-10-11 00:00:00.123456');
insert into habit_record (`achievement_rate`, `created_at`, `day_number`, `deleted_at`, `habit_id`, `update_at`) values (100, '2023-10-11 00:00:00.123456', 43, NULL, 2, '2023-10-11 00:00:00.123456');
insert into habit_record (`achievement_rate`, `created_at`, `day_number`, `deleted_at`, `habit_id`, `update_at`) values (100, '2023-10-11 00:00:00.123456', 44, NULL, 2, '2023-10-11 00:00:00.123456');
insert into habit_record (`achievement_rate`, `created_at`, `day_number`, `deleted_at`, `habit_id`, `update_at`) values (100, '2023-10-11 00:00:00.123456', 45, NULL, 2, '2023-10-11 00:00:00.123456');
insert into habit_record (`achievement_rate`, `created_at`, `day_number`, `deleted_at`, `habit_id`, `update_at`) values (100, '2023-10-11 00:00:00.123456', 46, NULL, 2, '2023-10-11 00:00:00.123456');
insert into habit_record (`achievement_rate`, `created_at`, `day_number`, `deleted_at`, `habit_id`, `update_at`) values (100, '2023-10-11 00:00:00.123456', 47, NULL, 2, '2023-10-11 00:00:00.123456');
insert into habit_record (`achievement_rate`, `created_at`, `day_number`, `deleted_at`, `habit_id`, `update_at`) values (100, '2023-10-11 00:00:00.123456', 48, NULL, 2, '2023-10-11 00:00:00.123456');
insert into habit_record (`achievement_rate`, `created_at`, `day_number`, `deleted_at`, `habit_id`, `update_at`) values (100, '2023-10-11 00:00:00.123456', 49, NULL, 2, '2023-10-11 00:00:00.123456');
insert into habit_record (`achievement_rate`, `created_at`, `day_number`, `deleted_at`, `habit_id`, `update_at`) values (100, '2023-10-11 00:00:00.123456', 50, NULL, 2, '2023-10-11 00:00:00.123456');
insert into habit_record (`achievement_rate`, `created_at`, `day_number`, `deleted_at`, `habit_id`, `update_at`) values (100, '2023-10-11 00:00:00.123456', 51, NULL, 2, '2023-10-11 00:00:00.123456');
insert into habit_record (`achievement_rate`, `created_at`, `day_number`, `deleted_at`, `habit_id`, `update_at`) values (100, '2023-10-11 00:00:00.123456', 52, NULL, 2, '2023-10-11 00:00:00.123456');
insert into habit_record (`achievement_rate`, `created_at`, `day_number`, `deleted_at`, `habit_id`, `update_at`) values (100, '2023-10-11 00:00:00.123456', 53, NULL, 2, '2023-10-11 00:00:00.123456');
insert into habit_record (`achievement_rate`, `created_at`, `day_number`, `deleted_at`, `habit_id`, `update_at`) values (100, '2023-10-11 00:00:00.123456', 54, NULL, 2, '2023-10-11 00:00:00.123456');
insert into habit_record (`achievement_rate`, `created_at`, `day_number`, `deleted_at`, `habit_id`, `update_at`) values (100, '2023-10-11 00:00:00.123456', 55, NULL, 2, '2023-10-11 00:00:00.123456');
insert into habit_record (`achievement_rate`, `created_at`, `day_number`, `deleted_at`, `habit_id`, `update_at`) values (100, '2023-10-11 00:00:00.123456', 56, NULL, 2, '2023-10-11 00:00:00.123456');
insert into habit_record (`achievement_rate`, `created_at`, `day_number`, `deleted_at`, `habit_id`, `update_at`) values (100, '2023-10-11 00:00:00.123456', 57, NULL, 2, '2023-10-11 00:00:00.123456');
insert into habit_record (`achievement_rate`, `created_at`, `day_number`, `deleted_at`, `habit_id`, `update_at`) values (100, '2023-10-11 00:00:00.123456', 58, NULL, 2, '2023-10-11 00:00:00.123456');
insert into habit_record (`achievement_rate`, `created_at`, `day_number`, `deleted_at`, `habit_id`, `update_at`) values (100, '2023-10-11 00:00:00.123456', 59, NULL, 2, '2023-10-11 00:00:00.123456');
insert into habit_record (`achievement_rate`, `created_at`, `day_number`, `deleted_at`, `habit_id`, `update_at`) values (100, '2023-10-11 00:00:00.123456', 60, NULL, 2, '2023-10-11 00:00:00.123456');
insert into habit_record (`achievement_rate`, `created_at`, `day_number`, `deleted_at`, `habit_id`, `update_at`) values (100, '2023-10-11 00:00:00.123456', 61, NULL, 2, '2023-10-11 00:00:00.123456');
insert into habit_record (`achievement_rate`, `created_at`, `day_number`, `deleted_at`, `habit_id`, `update_at`) values (100, '2023-10-11 00:00:00.123456', 62, NULL, 2, '2023-10-11 00:00:00.123456');
insert into habit_record (`achievement_rate`, `created_at`, `day_number`, `deleted_at`, `habit_id`, `update_at`) values (100, '2023-10-11 00:00:00.123456', 63, NULL, 2, '2023-10-11 00:00:00.123456');
insert into habit_record (`achievement_rate`, `created_at`, `day_number`, `deleted_at`, `habit_id`, `update_at`) values (100, '2023-10-11 00:00:00.123456', 64, NULL, 2, '2023-10-11 00:00:00.123456');
insert into habit_record (`achievement_rate`, `created_at`, `day_number`, `deleted_at`, `habit_id`, `update_at`) values (100, '2023-10-11 00:00:00.123456', 65, NULL, 2, '2023-10-11 00:00:00.123456');
insert into habit_record (`achievement_rate`, `created_at`, `day_number`, `deleted_at`, `habit_id`, `update_at`) values (100, '2023-10-11 00:00:00.123456', 66, NULL, 2, '2023-10-11 00:00:00.123456');


insert into habit_record (`achievement_rate`, `created_at`, `day_number`, `deleted_at`, `habit_id`, `update_at`) values (100, '2023-10-11 00:00:00.123456', 1, NULL, 3, '2023-10-11 00:00:00.123456');
insert into habit_record (`achievement_rate`, `created_at`, `day_number`, `deleted_at`, `habit_id`, `update_at`) values (100, '2023-10-11 00:00:00.123456', 2, NULL, 3, '2023-10-11 00:00:00.123456');
insert into habit_record (`achievement_rate`, `created_at`, `day_number`, `deleted_at`, `habit_id`, `update_at`) values (100, '2023-10-11 00:00:00.123456', 3, NULL, 3, '2023-10-11 00:00:00.123456');
insert into habit_record (`achievement_rate`, `created_at`, `day_number`, `deleted_at`, `habit_id`, `update_at`) values (100, '2023-10-11 00:00:00.123456', 4, NULL, 3, '2023-10-11 00:00:00.123456');
insert into habit_record (`achievement_rate`, `created_at`, `day_number`, `deleted_at`, `habit_id`, `update_at`) values (100, '2023-10-11 00:00:00.123456', 5, NULL, 3, '2023-10-11 00:00:00.123456');
insert into habit_record (`achievement_rate`, `created_at`, `day_number`, `deleted_at`, `habit_id`, `update_at`) values (100, '2023-10-11 00:00:00.123456', 6, NULL, 3, '2023-10-11 00:00:00.123456');
insert into habit_record (`achievement_rate`, `created_at`, `day_number`, `deleted_at`, `habit_id`, `update_at`) values (100, '2023-10-11 00:00:00.123456', 7, NULL, 3, '2023-10-11 00:00:00.123456');
insert into habit_record (`achievement_rate`, `created_at`, `day_number`, `deleted_at`, `habit_id`, `update_at`) values (100, '2023-10-11 00:00:00.123456', 8, NULL, 3, '2023-10-11 00:00:00.123456');
insert into habit_record (`achievement_rate`, `created_at`, `day_number`, `deleted_at`, `habit_id`, `update_at`) values (100, '2023-10-11 00:00:00.123456', 9, NULL, 3, '2023-10-11 00:00:00.123456');
insert into habit_record (`achievement_rate`, `created_at`, `day_number`, `deleted_at`, `habit_id`, `update_at`) values (100, '2023-10-11 00:00:00.123456', 10, NULL, 3, '2023-10-11 00:00:00.123456');
insert into habit_record (`achievement_rate`, `created_at`, `day_number`, `deleted_at`, `habit_id`, `update_at`) values (100, '2023-10-11 00:00:00.123456', 11, NULL, 3, '2023-10-11 00:00:00.123456');
insert into habit_record (`achievement_rate`, `created_at`, `day_number`, `deleted_at`, `habit_id`, `update_at`) values (100, '2023-10-11 00:00:00.123456', 12, NULL, 3, '2023-10-11 00:00:00.123456');
insert into habit_record (`achievement_rate`, `created_at`, `day_number`, `deleted_at`, `habit_id`, `update_at`) values (100, '2023-10-11 00:00:00.123456', 13, NULL, 3, '2023-10-11 00:00:00.123456');
insert into habit_record (`achievement_rate`, `created_at`, `day_number`, `deleted_at`, `habit_id`, `update_at`) values (100, '2023-10-11 00:00:00.123456', 14, NULL, 3, '2023-10-11 00:00:00.123456');
insert into habit_record (`achievement_rate`, `created_at`, `day_number`, `deleted_at`, `habit_id`, `update_at`) values (100, '2023-10-11 00:00:00.123456', 15, NULL, 3, '2023-10-11 00:00:00.123456');
insert into habit_record (`achievement_rate`, `created_at`, `day_number`, `deleted_at`, `habit_id`, `update_at`) values (100, '2023-10-11 00:00:00.123456', 16, NULL, 3, '2023-10-11 00:00:00.123456');
insert into habit_record (`achievement_rate`, `created_at`, `day_number`, `deleted_at`, `habit_id`, `update_at`) values (100, '2023-10-11 00:00:00.123456', 17, NULL, 3, '2023-10-11 00:00:00.123456');
insert into habit_record (`achievement_rate`, `created_at`, `day_number`, `deleted_at`, `habit_id`, `update_at`) values (100, '2023-10-11 00:00:00.123456', 18, NULL, 3, '2023-10-11 00:00:00.123456');
insert into habit_record (`achievement_rate`, `created_at`, `day_number`, `deleted_at`, `habit_id`, `update_at`) values (100, '2023-10-11 00:00:00.123456', 19, NULL, 3, '2023-10-11 00:00:00.123456');
insert into habit_record (`achievement_rate`, `created_at`, `day_number`, `deleted_at`, `habit_id`, `update_at`) values (100, '2023-10-11 00:00:00.123456', 20, NULL, 3, '2023-10-11 00:00:00.123456');
insert into habit_record (`achievement_rate`, `created_at`, `day_number`, `deleted_at`, `habit_id`, `update_at`) values (100, '2023-10-11 00:00:00.123456', 21, NULL, 3, '2023-10-11 00:00:00.123456');
insert into habit_record (`achievement_rate`, `created_at`, `day_number`, `deleted_at`, `habit_id`, `update_at`) values (100, '2023-10-11 00:00:00.123456', 22, NULL, 3, '2023-10-11 00:00:00.123456');
insert into habit_record (`achievement_rate`, `created_at`, `day_number`, `deleted_at`, `habit_id`, `update_at`) values (100, '2023-10-11 00:00:00.123456', 23, NULL, 3, '2023-10-11 00:00:00.123456');
insert into habit_record (`achievement_rate`, `created_at`, `day_number`, `deleted_at`, `habit_id`, `update_at`) values (100, '2023-10-11 00:00:00.123456', 24, NULL, 3, '2023-10-11 00:00:00.123456');
insert into habit_record (`achievement_rate`, `created_at`, `day_number`, `deleted_at`, `habit_id`, `update_at`) values (100, '2023-10-11 00:00:00.123456', 25, NULL, 3, '2023-10-11 00:00:00.123456');
insert into habit_record (`achievement_rate`, `created_at`, `day_number`, `deleted_at`, `habit_id`, `update_at`) values (100, '2023-10-11 00:00:00.123456', 26, NULL, 3, '2023-10-11 00:00:00.123456');
insert into habit_record (`achievement_rate`, `created_at`, `day_number`, `deleted_at`, `habit_id`, `update_at`) values (100, '2023-10-11 00:00:00.123456', 27, NULL, 3, '2023-10-11 00:00:00.123456');
insert into habit_record (`achievement_rate`, `created_at`, `day_number`, `deleted_at`, `habit_id`, `update_at`) values (100, '2023-10-11 00:00:00.123456', 28, NULL, 3, '2023-10-11 00:00:00.123456');
insert into habit_record (`achievement_rate`, `created_at`, `day_number`, `deleted_at`, `habit_id`, `update_at`) values (100, '2023-10-11 00:00:00.123456', 29, NULL, 3, '2023-10-11 00:00:00.123456');
insert into habit_record (`achievement_rate`, `created_at`, `day_number`, `deleted_at`, `habit_id`, `update_at`) values (100, '2023-10-11 00:00:00.123456', 30, NULL, 3, '2023-10-11 00:00:00.123456');
insert into habit_record (`achievement_rate`, `created_at`, `day_number`, `deleted_at`, `habit_id`, `update_at`) values (100, '2023-10-11 00:00:00.123456', 31, NULL, 3, '2023-10-11 00:00:00.123456');
insert into habit_record (`achievement_rate`, `created_at`, `day_number`, `deleted_at`, `habit_id`, `update_at`) values (100, '2023-10-11 00:00:00.123456', 32, NULL, 3, '2023-10-11 00:00:00.123456');
insert into habit_record (`achievement_rate`, `created_at`, `day_number`, `deleted_at`, `habit_id`, `update_at`) values (100, '2023-10-11 00:00:00.123456', 33, NULL, 3, '2023-10-11 00:00:00.123456');
insert into habit_record (`achievement_rate`, `created_at`, `day_number`, `deleted_at`, `habit_id`, `update_at`) values (100, '2023-10-11 00:00:00.123456', 34, NULL, 3, '2023-10-11 00:00:00.123456');
insert into habit_record (`achievement_rate`, `created_at`, `day_number`, `deleted_at`, `habit_id`, `update_at`) values (100, '2023-10-11 00:00:00.123456', 35, NULL, 3, '2023-10-11 00:00:00.123456');
insert into habit_record (`achievement_rate`, `created_at`, `day_number`, `deleted_at`, `habit_id`, `update_at`) values (100, '2023-10-11 00:00:00.123456', 36, NULL, 3, '2023-10-11 00:00:00.123456');
insert into habit_record (`achievement_rate`, `created_at`, `day_number`, `deleted_at`, `habit_id`, `update_at`) values (100, '2023-10-11 00:00:00.123456', 37, NULL, 3, '2023-10-11 00:00:00.123456');
insert into habit_record (`achievement_rate`, `created_at`, `day_number`, `deleted_at`, `habit_id`, `update_at`) values (100, '2023-10-11 00:00:00.123456', 38, NULL, 3, '2023-10-11 00:00:00.123456');
insert into habit_record (`achievement_rate`, `created_at`, `day_number`, `deleted_at`, `habit_id`, `update_at`) values (100, '2023-10-11 00:00:00.123456', 39, NULL, 3, '2023-10-11 00:00:00.123456');
insert into habit_record (`achievement_rate`, `created_at`, `day_number`, `deleted_at`, `habit_id`, `update_at`) values (100, '2023-10-11 00:00:00.123456', 40, NULL, 3, '2023-10-11 00:00:00.123456');
insert into habit_record (`achievement_rate`, `created_at`, `day_number`, `deleted_at`, `habit_id`, `update_at`) values (100, '2023-10-11 00:00:00.123456', 41, NULL, 3, '2023-10-11 00:00:00.123456');
insert into habit_record (`achievement_rate`, `created_at`, `day_number`, `deleted_at`, `habit_id`, `update_at`) values (100, '2023-10-11 00:00:00.123456', 42, NULL, 3, '2023-10-11 00:00:00.123456');
insert into habit_record (`achievement_rate`, `created_at`, `day_number`, `deleted_at`, `habit_id`, `update_at`) values (100, '2023-10-11 00:00:00.123456', 43, NULL, 3, '2023-10-11 00:00:00.123456');
insert into habit_record (`achievement_rate`, `created_at`, `day_number`, `deleted_at`, `habit_id`, `update_at`) values (100, '2023-10-11 00:00:00.123456', 44, NULL, 3, '2023-10-11 00:00:00.123456');
insert into habit_record (`achievement_rate`, `created_at`, `day_number`, `deleted_at`, `habit_id`, `update_at`) values (100, '2023-10-11 00:00:00.123456', 45, NULL, 3, '2023-10-11 00:00:00.123456');
insert into habit_record (`achievement_rate`, `created_at`, `day_number`, `deleted_at`, `habit_id`, `update_at`) values (100, '2023-10-11 00:00:00.123456', 46, NULL, 3, '2023-10-11 00:00:00.123456');
insert into habit_record (`achievement_rate`, `created_at`, `day_number`, `deleted_at`, `habit_id`, `update_at`) values (100, '2023-10-11 00:00:00.123456', 47, NULL, 3, '2023-10-11 00:00:00.123456');
insert into habit_record (`achievement_rate`, `created_at`, `day_number`, `deleted_at`, `habit_id`, `update_at`) values (100, '2023-10-11 00:00:00.123456', 48, NULL, 3, '2023-10-11 00:00:00.123456');
insert into habit_record (`achievement_rate`, `created_at`, `day_number`, `deleted_at`, `habit_id`, `update_at`) values (100, '2023-10-11 00:00:00.123456', 49, NULL, 3, '2023-10-11 00:00:00.123456');
insert into habit_record (`achievement_rate`, `created_at`, `day_number`, `deleted_at`, `habit_id`, `update_at`) values (100, '2023-10-11 00:00:00.123456', 50, NULL, 3, '2023-10-11 00:00:00.123456');
insert into habit_record (`achievement_rate`, `created_at`, `day_number`, `deleted_at`, `habit_id`, `update_at`) values (100, '2023-10-11 00:00:00.123456', 51, NULL, 3, '2023-10-11 00:00:00.123456');
insert into habit_record (`achievement_rate`, `created_at`, `day_number`, `deleted_at`, `habit_id`, `update_at`) values (100, '2023-10-11 00:00:00.123456', 52, NULL, 3, '2023-10-11 00:00:00.123456');
insert into habit_record (`achievement_rate`, `created_at`, `day_number`, `deleted_at`, `habit_id`, `update_at`) values (100, '2023-10-11 00:00:00.123456', 53, NULL, 3, '2023-10-11 00:00:00.123456');
insert into habit_record (`achievement_rate`, `created_at`, `day_number`, `deleted_at`, `habit_id`, `update_at`) values (100, '2023-10-11 00:00:00.123456', 54, NULL, 3, '2023-10-11 00:00:00.123456');
insert into habit_record (`achievement_rate`, `created_at`, `day_number`, `deleted_at`, `habit_id`, `update_at`) values (100, '2023-10-11 00:00:00.123456', 55, NULL, 3, '2023-10-11 00:00:00.123456');
insert into habit_record (`achievement_rate`, `created_at`, `day_number`, `deleted_at`, `habit_id`, `update_at`) values (100, '2023-10-11 00:00:00.123456', 56, NULL, 3, '2023-10-11 00:00:00.123456');
insert into habit_record (`achievement_rate`, `created_at`, `day_number`, `deleted_at`, `habit_id`, `update_at`) values (100, '2023-10-11 00:00:00.123456', 57, NULL, 3, '2023-10-11 00:00:00.123456');
insert into habit_record (`achievement_rate`, `created_at`, `day_number`, `deleted_at`, `habit_id`, `update_at`) values (100, '2023-10-11 00:00:00.123456', 58, NULL, 3, '2023-10-11 00:00:00.123456');
insert into habit_record (`achievement_rate`, `created_at`, `day_number`, `deleted_at`, `habit_id`, `update_at`) values (100, '2023-10-11 00:00:00.123456', 59, NULL, 3, '2023-10-11 00:00:00.123456');
insert into habit_record (`achievement_rate`, `created_at`, `day_number`, `deleted_at`, `habit_id`, `update_at`) values (100, '2023-10-11 00:00:00.123456', 60, NULL, 3, '2023-10-11 00:00:00.123456');
insert into habit_record (`achievement_rate`, `created_at`, `day_number`, `deleted_at`, `habit_id`, `update_at`) values (100, '2023-10-11 00:00:00.123456', 61, NULL, 3, '2023-10-11 00:00:00.123456');
insert into habit_record (`achievement_rate`, `created_at`, `day_number`, `deleted_at`, `habit_id`, `update_at`) values (100, '2023-10-11 00:00:00.123456', 62, NULL, 3, '2023-10-11 00:00:00.123456');
insert into habit_record (`achievement_rate`, `created_at`, `day_number`, `deleted_at`, `habit_id`, `update_at`) values (100, '2023-10-11 00:00:00.123456', 63, NULL, 3, '2023-10-11 00:00:00.123456');
insert into habit_record (`achievement_rate`, `created_at`, `day_number`, `deleted_at`, `habit_id`, `update_at`) values (100, '2023-10-11 00:00:00.123456', 64, NULL, 3, '2023-10-11 00:00:00.123456');
insert into habit_record (`achievement_rate`, `created_at`, `day_number`, `deleted_at`, `habit_id`, `update_at`) values (100, '2023-10-11 00:00:00.123456', 65, NULL, 3, '2023-10-11 00:00:00.123456');
insert into habit_record (`achievement_rate`, `created_at`, `day_number`, `deleted_at`, `habit_id`, `update_at`) values (100, '2023-10-11 00:00:00.123456', 66, NULL, 3, '2023-10-11 00:00:00.123456');


insert into habit_record (`achievement_rate`, `created_at`, `day_number`, `deleted_at`, `habit_id`, `update_at`) values (100, '2023-10-11 00:00:00.123456', 1, NULL, 4, '2023-10-11 00:00:00.123456');
insert into habit_record (`achievement_rate`, `created_at`, `day_number`, `deleted_at`, `habit_id`, `update_at`) values (100, '2023-10-11 00:00:00.123456', 2, NULL, 4, '2023-10-11 00:00:00.123456');
insert into habit_record (`achievement_rate`, `created_at`, `day_number`, `deleted_at`, `habit_id`, `update_at`) values (100, '2023-10-11 00:00:00.123456', 3, NULL, 4, '2023-10-11 00:00:00.123456');
insert into habit_record (`achievement_rate`, `created_at`, `day_number`, `deleted_at`, `habit_id`, `update_at`) values (100, '2023-10-11 00:00:00.123456', 4, NULL, 4, '2023-10-11 00:00:00.123456');
insert into habit_record (`achievement_rate`, `created_at`, `day_number`, `deleted_at`, `habit_id`, `update_at`) values (100, '2023-10-11 00:00:00.123456', 5, NULL, 4, '2023-10-11 00:00:00.123456');
insert into habit_record (`achievement_rate`, `created_at`, `day_number`, `deleted_at`, `habit_id`, `update_at`) values (100, '2023-10-11 00:00:00.123456', 6, NULL, 4, '2023-10-11 00:00:00.123456');
insert into habit_record (`achievement_rate`, `created_at`, `day_number`, `deleted_at`, `habit_id`, `update_at`) values (100, '2023-10-11 00:00:00.123456', 7, NULL, 4, '2023-10-11 00:00:00.123456');
insert into habit_record (`achievement_rate`, `created_at`, `day_number`, `deleted_at`, `habit_id`, `update_at`) values (100, '2023-10-11 00:00:00.123456', 8, NULL, 4, '2023-10-11 00:00:00.123456');
insert into habit_record (`achievement_rate`, `created_at`, `day_number`, `deleted_at`, `habit_id`, `update_at`) values (100, '2023-10-11 00:00:00.123456', 9, NULL, 4, '2023-10-11 00:00:00.123456');
insert into habit_record (`achievement_rate`, `created_at`, `day_number`, `deleted_at`, `habit_id`, `update_at`) values (100, '2023-10-11 00:00:00.123456', 10, NULL, 4, '2023-10-11 00:00:00.123456');
insert into habit_record (`achievement_rate`, `created_at`, `day_number`, `deleted_at`, `habit_id`, `update_at`) values (100, '2023-10-11 00:00:00.123456', 11, NULL, 4, '2023-10-11 00:00:00.123456');
insert into habit_record (`achievement_rate`, `created_at`, `day_number`, `deleted_at`, `habit_id`, `update_at`) values (100, '2023-10-11 00:00:00.123456', 12, NULL, 4, '2023-10-11 00:00:00.123456');
insert into habit_record (`achievement_rate`, `created_at`, `day_number`, `deleted_at`, `habit_id`, `update_at`) values (100, '2023-10-11 00:00:00.123456', 13, NULL, 4, '2023-10-11 00:00:00.123456');
insert into habit_record (`achievement_rate`, `created_at`, `day_number`, `deleted_at`, `habit_id`, `update_at`) values (100, '2023-10-11 00:00:00.123456', 14, NULL, 4, '2023-10-11 00:00:00.123456');
insert into habit_record (`achievement_rate`, `created_at`, `day_number`, `deleted_at`, `habit_id`, `update_at`) values (100, '2023-10-11 00:00:00.123456', 15, NULL, 4, '2023-10-11 00:00:00.123456');
insert into habit_record (`achievement_rate`, `created_at`, `day_number`, `deleted_at`, `habit_id`, `update_at`) values (100, '2023-10-11 00:00:00.123456', 16, NULL, 4, '2023-10-11 00:00:00.123456');
insert into habit_record (`achievement_rate`, `created_at`, `day_number`, `deleted_at`, `habit_id`, `update_at`) values (100, '2023-10-11 00:00:00.123456', 17, NULL, 4, '2023-10-11 00:00:00.123456');
insert into habit_record (`achievement_rate`, `created_at`, `day_number`, `deleted_at`, `habit_id`, `update_at`) values (100, '2023-10-11 00:00:00.123456', 18, NULL, 4, '2023-10-11 00:00:00.123456');
insert into habit_record (`achievement_rate`, `created_at`, `day_number`, `deleted_at`, `habit_id`, `update_at`) values (100, '2023-10-11 00:00:00.123456', 19, NULL, 4, '2023-10-11 00:00:00.123456');
insert into habit_record (`achievement_rate`, `created_at`, `day_number`, `deleted_at`, `habit_id`, `update_at`) values (100, '2023-10-11 00:00:00.123456', 20, NULL, 4, '2023-10-11 00:00:00.123456');
insert into habit_record (`achievement_rate`, `created_at`, `day_number`, `deleted_at`, `habit_id`, `update_at`) values (100, '2023-10-11 00:00:00.123456', 21, NULL, 4, '2023-10-11 00:00:00.123456');
insert into habit_record (`achievement_rate`, `created_at`, `day_number`, `deleted_at`, `habit_id`, `update_at`) values (100, '2023-10-11 00:00:00.123456', 22, NULL, 4, '2023-10-11 00:00:00.123456');
insert into habit_record (`achievement_rate`, `created_at`, `day_number`, `deleted_at`, `habit_id`, `update_at`) values (100, '2023-10-11 00:00:00.123456', 23, NULL, 4, '2023-10-11 00:00:00.123456');
insert into habit_record (`achievement_rate`, `created_at`, `day_number`, `deleted_at`, `habit_id`, `update_at`) values (100, '2023-10-11 00:00:00.123456', 24, NULL, 4, '2023-10-11 00:00:00.123456');
insert into habit_record (`achievement_rate`, `created_at`, `day_number`, `deleted_at`, `habit_id`, `update_at`) values (100, '2023-10-11 00:00:00.123456', 25, NULL, 4, '2023-10-11 00:00:00.123456');
insert into habit_record (`achievement_rate`, `created_at`, `day_number`, `deleted_at`, `habit_id`, `update_at`) values (100, '2023-10-11 00:00:00.123456', 26, NULL, 4, '2023-10-11 00:00:00.123456');
insert into habit_record (`achievement_rate`, `created_at`, `day_number`, `deleted_at`, `habit_id`, `update_at`) values (100, '2023-10-11 00:00:00.123456', 27, NULL, 4, '2023-10-11 00:00:00.123456');
insert into habit_record (`achievement_rate`, `created_at`, `day_number`, `deleted_at`, `habit_id`, `update_at`) values (100, '2023-10-11 00:00:00.123456', 28, NULL, 4, '2023-10-11 00:00:00.123456');
insert into habit_record (`achievement_rate`, `created_at`, `day_number`, `deleted_at`, `habit_id`, `update_at`) values (100, '2023-10-11 00:00:00.123456', 29, NULL, 4, '2023-10-11 00:00:00.123456');
insert into habit_record (`achievement_rate`, `created_at`, `day_number`, `deleted_at`, `habit_id`, `update_at`) values (100, '2023-10-11 00:00:00.123456', 30, NULL, 4, '2023-10-11 00:00:00.123456');
insert into habit_record (`achievement_rate`, `created_at`, `day_number`, `deleted_at`, `habit_id`, `update_at`) values (100, '2023-10-11 00:00:00.123456', 31, NULL, 4, '2023-10-11 00:00:00.123456');
insert into habit_record (`achievement_rate`, `created_at`, `day_number`, `deleted_at`, `habit_id`, `update_at`) values (100, '2023-10-11 00:00:00.123456', 32, NULL, 4, '2023-10-11 00:00:00.123456');
insert into habit_record (`achievement_rate`, `created_at`, `day_number`, `deleted_at`, `habit_id`, `update_at`) values (100, '2023-10-11 00:00:00.123456', 33, NULL, 4, '2023-10-11 00:00:00.123456');
insert into habit_record (`achievement_rate`, `created_at`, `day_number`, `deleted_at`, `habit_id`, `update_at`) values (100, '2023-10-11 00:00:00.123456', 34, NULL, 4, '2023-10-11 00:00:00.123456');
insert into habit_record (`achievement_rate`, `created_at`, `day_number`, `deleted_at`, `habit_id`, `update_at`) values (100, '2023-10-11 00:00:00.123456', 35, NULL, 4, '2023-10-11 00:00:00.123456');
insert into habit_record (`achievement_rate`, `created_at`, `day_number`, `deleted_at`, `habit_id`, `update_at`) values (100, '2023-10-11 00:00:00.123456', 36, NULL, 4, '2023-10-11 00:00:00.123456');
insert into habit_record (`achievement_rate`, `created_at`, `day_number`, `deleted_at`, `habit_id`, `update_at`) values (100, '2023-10-11 00:00:00.123456', 37, NULL, 4, '2023-10-11 00:00:00.123456');
insert into habit_record (`achievement_rate`, `created_at`, `day_number`, `deleted_at`, `habit_id`, `update_at`) values (100, '2023-10-11 00:00:00.123456', 38, NULL, 4, '2023-10-11 00:00:00.123456');
insert into habit_record (`achievement_rate`, `created_at`, `day_number`, `deleted_at`, `habit_id`, `update_at`) values (100, '2023-10-11 00:00:00.123456', 39, NULL, 4, '2023-10-11 00:00:00.123456');
insert into habit_record (`achievement_rate`, `created_at`, `day_number`, `deleted_at`, `habit_id`, `update_at`) values (100, '2023-10-11 00:00:00.123456', 40, NULL, 4, '2023-10-11 00:00:00.123456');
insert into habit_record (`achievement_rate`, `created_at`, `day_number`, `deleted_at`, `habit_id`, `update_at`) values (100, '2023-10-11 00:00:00.123456', 41, NULL, 4, '2023-10-11 00:00:00.123456');
insert into habit_record (`achievement_rate`, `created_at`, `day_number`, `deleted_at`, `habit_id`, `update_at`) values (100, '2023-10-11 00:00:00.123456', 42, NULL, 4, '2023-10-11 00:00:00.123456');
insert into habit_record (`achievement_rate`, `created_at`, `day_number`, `deleted_at`, `habit_id`, `update_at`) values (100, '2023-10-11 00:00:00.123456', 43, NULL, 4, '2023-10-11 00:00:00.123456');
insert into habit_record (`achievement_rate`, `created_at`, `day_number`, `deleted_at`, `habit_id`, `update_at`) values (100, '2023-10-11 00:00:00.123456', 44, NULL, 4, '2023-10-11 00:00:00.123456');
insert into habit_record (`achievement_rate`, `created_at`, `day_number`, `deleted_at`, `habit_id`, `update_at`) values (100, '2023-10-11 00:00:00.123456', 45, NULL, 4, '2023-10-11 00:00:00.123456');
insert into habit_record (`achievement_rate`, `created_at`, `day_number`, `deleted_at`, `habit_id`, `update_at`) values (100, '2023-10-11 00:00:00.123456', 46, NULL, 4, '2023-10-11 00:00:00.123456');
insert into habit_record (`achievement_rate`, `created_at`, `day_number`, `deleted_at`, `habit_id`, `update_at`) values (100, '2023-10-11 00:00:00.123456', 47, NULL, 4, '2023-10-11 00:00:00.123456');
insert into habit_record (`achievement_rate`, `created_at`, `day_number`, `deleted_at`, `habit_id`, `update_at`) values (100, '2023-10-11 00:00:00.123456', 48, NULL, 4, '2023-10-11 00:00:00.123456');
insert into habit_record (`achievement_rate`, `created_at`, `day_number`, `deleted_at`, `habit_id`, `update_at`) values (100, '2023-10-11 00:00:00.123456', 49, NULL, 4, '2023-10-11 00:00:00.123456');
insert into habit_record (`achievement_rate`, `created_at`, `day_number`, `deleted_at`, `habit_id`, `update_at`) values (100, '2023-10-11 00:00:00.123456', 50, NULL, 4, '2023-10-11 00:00:00.123456');
insert into habit_record (`achievement_rate`, `created_at`, `day_number`, `deleted_at`, `habit_id`, `update_at`) values (100, '2023-10-11 00:00:00.123456', 51, NULL, 4, '2023-10-11 00:00:00.123456');
insert into habit_record (`achievement_rate`, `created_at`, `day_number`, `deleted_at`, `habit_id`, `update_at`) values (100, '2023-10-11 00:00:00.123456', 52, NULL, 4, '2023-10-11 00:00:00.123456');
insert into habit_record (`achievement_rate`, `created_at`, `day_number`, `deleted_at`, `habit_id`, `update_at`) values (100, '2023-10-11 00:00:00.123456', 53, NULL, 4, '2023-10-11 00:00:00.123456');
insert into habit_record (`achievement_rate`, `created_at`, `day_number`, `deleted_at`, `habit_id`, `update_at`) values (100, '2023-10-11 00:00:00.123456', 54, NULL, 4, '2023-10-11 00:00:00.123456');
insert into habit_record (`achievement_rate`, `created_at`, `day_number`, `deleted_at`, `habit_id`, `update_at`) values (100, '2023-10-11 00:00:00.123456', 55, NULL, 4, '2023-10-11 00:00:00.123456');
insert into habit_record (`achievement_rate`, `created_at`, `day_number`, `deleted_at`, `habit_id`, `update_at`) values (100, '2023-10-11 00:00:00.123456', 56, NULL, 4, '2023-10-11 00:00:00.123456');
insert into habit_record (`achievement_rate`, `created_at`, `day_number`, `deleted_at`, `habit_id`, `update_at`) values (100, '2023-10-11 00:00:00.123456', 57, NULL, 4, '2023-10-11 00:00:00.123456');
insert into habit_record (`achievement_rate`, `created_at`, `day_number`, `deleted_at`, `habit_id`, `update_at`) values (100, '2023-10-11 00:00:00.123456', 58, NULL, 4, '2023-10-11 00:00:00.123456');
insert into habit_record (`achievement_rate`, `created_at`, `day_number`, `deleted_at`, `habit_id`, `update_at`) values (100, '2023-10-11 00:00:00.123456', 59, NULL, 4, '2023-10-11 00:00:00.123456');
insert into habit_record (`achievement_rate`, `created_at`, `day_number`, `deleted_at`, `habit_id`, `update_at`) values (100, '2023-10-11 00:00:00.123456', 60, NULL, 4, '2023-10-11 00:00:00.123456');
insert into habit_record (`achievement_rate`, `created_at`, `day_number`, `deleted_at`, `habit_id`, `update_at`) values (100, '2023-10-11 00:00:00.123456', 61, NULL, 4, '2023-10-11 00:00:00.123456');
insert into habit_record (`achievement_rate`, `created_at`, `day_number`, `deleted_at`, `habit_id`, `update_at`) values (100, '2023-10-11 00:00:00.123456', 62, NULL, 4, '2023-10-11 00:00:00.123456');
insert into habit_record (`achievement_rate`, `created_at`, `day_number`, `deleted_at`, `habit_id`, `update_at`) values (100, '2023-10-11 00:00:00.123456', 63, NULL, 4, '2023-10-11 00:00:00.123456');
insert into habit_record (`achievement_rate`, `created_at`, `day_number`, `deleted_at`, `habit_id`, `update_at`) values (100, '2023-10-11 00:00:00.123456', 64, NULL, 4, '2023-10-11 00:00:00.123456');
insert into habit_record (`achievement_rate`, `created_at`, `day_number`, `deleted_at`, `habit_id`, `update_at`) values (100, '2023-10-11 00:00:00.123456', 65, NULL, 4, '2023-10-11 00:00:00.123456');
insert into habit_record (`achievement_rate`, `created_at`, `day_number`, `deleted_at`, `habit_id`, `update_at`) values (100, '2023-10-11 00:00:00.123456', 66, NULL, 4, '2023-10-11 00:00:00.123456');


insert into habit_record (`achievement_rate`, `created_at`, `day_number`, `deleted_at`, `habit_id`, `update_at`) values (100, '2023-10-11 00:00:00.123456', 1, NULL, 5, '2023-10-11 00:00:00.123456');
insert into habit_record (`achievement_rate`, `created_at`, `day_number`, `deleted_at`, `habit_id`, `update_at`) values (100, '2023-10-11 00:00:00.123456', 2, NULL, 5, '2023-10-11 00:00:00.123456');
insert into habit_record (`achievement_rate`, `created_at`, `day_number`, `deleted_at`, `habit_id`, `update_at`) values (100, '2023-10-11 00:00:00.123456', 3, NULL, 5, '2023-10-11 00:00:00.123456');
insert into habit_record (`achievement_rate`, `created_at`, `day_number`, `deleted_at`, `habit_id`, `update_at`) values (100, '2023-10-11 00:00:00.123456', 4, NULL, 5, '2023-10-11 00:00:00.123456');
insert into habit_record (`achievement_rate`, `created_at`, `day_number`, `deleted_at`, `habit_id`, `update_at`) values (100, '2023-10-11 00:00:00.123456', 5, NULL, 5, '2023-10-11 00:00:00.123456');
insert into habit_record (`achievement_rate`, `created_at`, `day_number`, `deleted_at`, `habit_id`, `update_at`) values (100, '2023-10-11 00:00:00.123456', 6, NULL, 5, '2023-10-11 00:00:00.123456');
insert into habit_record (`achievement_rate`, `created_at`, `day_number`, `deleted_at`, `habit_id`, `update_at`) values (100, '2023-10-11 00:00:00.123456', 7, NULL, 5, '2023-10-11 00:00:00.123456');
insert into habit_record (`achievement_rate`, `created_at`, `day_number`, `deleted_at`, `habit_id`, `update_at`) values (100, '2023-10-11 00:00:00.123456', 8, NULL, 5, '2023-10-11 00:00:00.123456');
insert into habit_record (`achievement_rate`, `created_at`, `day_number`, `deleted_at`, `habit_id`, `update_at`) values (100, '2023-10-11 00:00:00.123456', 9, NULL, 5, '2023-10-11 00:00:00.123456');
insert into habit_record (`achievement_rate`, `created_at`, `day_number`, `deleted_at`, `habit_id`, `update_at`) values (100, '2023-10-11 00:00:00.123456', 10, NULL, 5, '2023-10-11 00:00:00.123456');
insert into habit_record (`achievement_rate`, `created_at`, `day_number`, `deleted_at`, `habit_id`, `update_at`) values (100, '2023-10-11 00:00:00.123456', 11, NULL, 5, '2023-10-11 00:00:00.123456');
insert into habit_record (`achievement_rate`, `created_at`, `day_number`, `deleted_at`, `habit_id`, `update_at`) values (100, '2023-10-11 00:00:00.123456', 12, NULL, 5, '2023-10-11 00:00:00.123456');
insert into habit_record (`achievement_rate`, `created_at`, `day_number`, `deleted_at`, `habit_id`, `update_at`) values (100, '2023-10-11 00:00:00.123456', 13, NULL, 5, '2023-10-11 00:00:00.123456');
insert into habit_record (`achievement_rate`, `created_at`, `day_number`, `deleted_at`, `habit_id`, `update_at`) values (100, '2023-10-11 00:00:00.123456', 14, NULL, 5, '2023-10-11 00:00:00.123456');
insert into habit_record (`achievement_rate`, `created_at`, `day_number`, `deleted_at`, `habit_id`, `update_at`) values (100, '2023-10-11 00:00:00.123456', 15, NULL, 5, '2023-10-11 00:00:00.123456');
insert into habit_record (`achievement_rate`, `created_at`, `day_number`, `deleted_at`, `habit_id`, `update_at`) values (100, '2023-10-11 00:00:00.123456', 16, NULL, 5, '2023-10-11 00:00:00.123456');
insert into habit_record (`achievement_rate`, `created_at`, `day_number`, `deleted_at`, `habit_id`, `update_at`) values (100, '2023-10-11 00:00:00.123456', 17, NULL, 5, '2023-10-11 00:00:00.123456');
insert into habit_record (`achievement_rate`, `created_at`, `day_number`, `deleted_at`, `habit_id`, `update_at`) values (100, '2023-10-11 00:00:00.123456', 18, NULL, 5, '2023-10-11 00:00:00.123456');
insert into habit_record (`achievement_rate`, `created_at`, `day_number`, `deleted_at`, `habit_id`, `update_at`) values (100, '2023-10-11 00:00:00.123456', 19, NULL, 5, '2023-10-11 00:00:00.123456');
insert into habit_record (`achievement_rate`, `created_at`, `day_number`, `deleted_at`, `habit_id`, `update_at`) values (100, '2023-10-11 00:00:00.123456', 20, NULL, 5, '2023-10-11 00:00:00.123456');
insert into habit_record (`achievement_rate`, `created_at`, `day_number`, `deleted_at`, `habit_id`, `update_at`) values (100, '2023-10-11 00:00:00.123456', 21, NULL, 5, '2023-10-11 00:00:00.123456');
insert into habit_record (`achievement_rate`, `created_at`, `day_number`, `deleted_at`, `habit_id`, `update_at`) values (100, '2023-10-11 00:00:00.123456', 22, NULL, 5, '2023-10-11 00:00:00.123456');
insert into habit_record (`achievement_rate`, `created_at`, `day_number`, `deleted_at`, `habit_id`, `update_at`) values (100, '2023-10-11 00:00:00.123456', 23, NULL, 5, '2023-10-11 00:00:00.123456');
insert into habit_record (`achievement_rate`, `created_at`, `day_number`, `deleted_at`, `habit_id`, `update_at`) values (100, '2023-10-11 00:00:00.123456', 24, NULL, 5, '2023-10-11 00:00:00.123456');
insert into habit_record (`achievement_rate`, `created_at`, `day_number`, `deleted_at`, `habit_id`, `update_at`) values (100, '2023-10-11 00:00:00.123456', 25, NULL, 5, '2023-10-11 00:00:00.123456');
insert into habit_record (`achievement_rate`, `created_at`, `day_number`, `deleted_at`, `habit_id`, `update_at`) values (100, '2023-10-11 00:00:00.123456', 26, NULL, 5, '2023-10-11 00:00:00.123456');
insert into habit_record (`achievement_rate`, `created_at`, `day_number`, `deleted_at`, `habit_id`, `update_at`) values (100, '2023-10-11 00:00:00.123456', 27, NULL, 5, '2023-10-11 00:00:00.123456');
insert into habit_record (`achievement_rate`, `created_at`, `day_number`, `deleted_at`, `habit_id`, `update_at`) values (100, '2023-10-11 00:00:00.123456', 28, NULL, 5, '2023-10-11 00:00:00.123456');
insert into habit_record (`achievement_rate`, `created_at`, `day_number`, `deleted_at`, `habit_id`, `update_at`) values (100, '2023-10-11 00:00:00.123456', 29, NULL, 5, '2023-10-11 00:00:00.123456');
insert into habit_record (`achievement_rate`, `created_at`, `day_number`, `deleted_at`, `habit_id`, `update_at`) values (100, '2023-10-11 00:00:00.123456', 30, NULL, 5, '2023-10-11 00:00:00.123456');
insert into habit_record (`achievement_rate`, `created_at`, `day_number`, `deleted_at`, `habit_id`, `update_at`) values (100, '2023-10-11 00:00:00.123456', 31, NULL, 5, '2023-10-11 00:00:00.123456');
insert into habit_record (`achievement_rate`, `created_at`, `day_number`, `deleted_at`, `habit_id`, `update_at`) values (100, '2023-10-11 00:00:00.123456', 32, NULL, 5, '2023-10-11 00:00:00.123456');
insert into habit_record (`achievement_rate`, `created_at`, `day_number`, `deleted_at`, `habit_id`, `update_at`) values (100, '2023-10-11 00:00:00.123456', 33, NULL, 5, '2023-10-11 00:00:00.123456');
insert into habit_record (`achievement_rate`, `created_at`, `day_number`, `deleted_at`, `habit_id`, `update_at`) values (100, '2023-10-11 00:00:00.123456', 34, NULL, 5, '2023-10-11 00:00:00.123456');
insert into habit_record (`achievement_rate`, `created_at`, `day_number`, `deleted_at`, `habit_id`, `update_at`) values (100, '2023-10-11 00:00:00.123456', 35, NULL, 5, '2023-10-11 00:00:00.123456');
insert into habit_record (`achievement_rate`, `created_at`, `day_number`, `deleted_at`, `habit_id`, `update_at`) values (100, '2023-10-11 00:00:00.123456', 36, NULL, 5, '2023-10-11 00:00:00.123456');
insert into habit_record (`achievement_rate`, `created_at`, `day_number`, `deleted_at`, `habit_id`, `update_at`) values (100, '2023-10-11 00:00:00.123456', 37, NULL, 5, '2023-10-11 00:00:00.123456');
insert into habit_record (`achievement_rate`, `created_at`, `day_number`, `deleted_at`, `habit_id`, `update_at`) values (100, '2023-10-11 00:00:00.123456', 38, NULL, 5, '2023-10-11 00:00:00.123456');
insert into habit_record (`achievement_rate`, `created_at`, `day_number`, `deleted_at`, `habit_id`, `update_at`) values (100, '2023-10-11 00:00:00.123456', 39, NULL, 5, '2023-10-11 00:00:00.123456');
insert into habit_record (`achievement_rate`, `created_at`, `day_number`, `deleted_at`, `habit_id`, `update_at`) values (100, '2023-10-11 00:00:00.123456', 40, NULL, 5, '2023-10-11 00:00:00.123456');
insert into habit_record (`achievement_rate`, `created_at`, `day_number`, `deleted_at`, `habit_id`, `update_at`) values (100, '2023-10-11 00:00:00.123456', 41, NULL, 5, '2023-10-11 00:00:00.123456');
insert into habit_record (`achievement_rate`, `created_at`, `day_number`, `deleted_at`, `habit_id`, `update_at`) values (100, '2023-10-11 00:00:00.123456', 42, NULL, 5, '2023-10-11 00:00:00.123456');
insert into habit_record (`achievement_rate`, `created_at`, `day_number`, `deleted_at`, `habit_id`, `update_at`) values (100, '2023-10-11 00:00:00.123456', 43, NULL, 5, '2023-10-11 00:00:00.123456');
insert into habit_record (`achievement_rate`, `created_at`, `day_number`, `deleted_at`, `habit_id`, `update_at`) values (100, '2023-10-11 00:00:00.123456', 44, NULL, 5, '2023-10-11 00:00:00.123456');
insert into habit_record (`achievement_rate`, `created_at`, `day_number`, `deleted_at`, `habit_id`, `update_at`) values (100, '2023-10-11 00:00:00.123456', 45, NULL, 5, '2023-10-11 00:00:00.123456');
insert into habit_record (`achievement_rate`, `created_at`, `day_number`, `deleted_at`, `habit_id`, `update_at`) values (100, '2023-10-11 00:00:00.123456', 46, NULL, 5, '2023-10-11 00:00:00.123456');
insert into habit_record (`achievement_rate`, `created_at`, `day_number`, `deleted_at`, `habit_id`, `update_at`) values (100, '2023-10-11 00:00:00.123456', 47, NULL, 5, '2023-10-11 00:00:00.123456');
insert into habit_record (`achievement_rate`, `created_at`, `day_number`, `deleted_at`, `habit_id`, `update_at`) values (100, '2023-10-11 00:00:00.123456', 48, NULL, 5, '2023-10-11 00:00:00.123456');
insert into habit_record (`achievement_rate`, `created_at`, `day_number`, `deleted_at`, `habit_id`, `update_at`) values (100, '2023-10-11 00:00:00.123456', 49, NULL, 5, '2023-10-11 00:00:00.123456');
insert into habit_record (`achievement_rate`, `created_at`, `day_number`, `deleted_at`, `habit_id`, `update_at`) values (100, '2023-10-11 00:00:00.123456', 50, NULL, 5, '2023-10-11 00:00:00.123456');
insert into habit_record (`achievement_rate`, `created_at`, `day_number`, `deleted_at`, `habit_id`, `update_at`) values (100, '2023-10-11 00:00:00.123456', 51, NULL, 5, '2023-10-11 00:00:00.123456');
insert into habit_record (`achievement_rate`, `created_at`, `day_number`, `deleted_at`, `habit_id`, `update_at`) values (100, '2023-10-11 00:00:00.123456', 52, NULL, 5, '2023-10-11 00:00:00.123456');
insert into habit_record (`achievement_rate`, `created_at`, `day_number`, `deleted_at`, `habit_id`, `update_at`) values (100, '2023-10-11 00:00:00.123456', 53, NULL, 5, '2023-10-11 00:00:00.123456');
insert into habit_record (`achievement_rate`, `created_at`, `day_number`, `deleted_at`, `habit_id`, `update_at`) values (100, '2023-10-11 00:00:00.123456', 54, NULL, 5, '2023-10-11 00:00:00.123456');
insert into habit_record (`achievement_rate`, `created_at`, `day_number`, `deleted_at`, `habit_id`, `update_at`) values (100, '2023-10-11 00:00:00.123456', 55, NULL, 5, '2023-10-11 00:00:00.123456');
insert into habit_record (`achievement_rate`, `created_at`, `day_number`, `deleted_at`, `habit_id`, `update_at`) values (100, '2023-10-11 00:00:00.123456', 56, NULL, 5, '2023-10-11 00:00:00.123456');
insert into habit_record (`achievement_rate`, `created_at`, `day_number`, `deleted_at`, `habit_id`, `update_at`) values (100, '2023-10-11 00:00:00.123456', 57, NULL, 5, '2023-10-11 00:00:00.123456');
insert into habit_record (`achievement_rate`, `created_at`, `day_number`, `deleted_at`, `habit_id`, `update_at`) values (100, '2023-10-11 00:00:00.123456', 58, NULL, 5, '2023-10-11 00:00:00.123456');
insert into habit_record (`achievement_rate`, `created_at`, `day_number`, `deleted_at`, `habit_id`, `update_at`) values (100, '2023-10-11 00:00:00.123456', 59, NULL, 5, '2023-10-11 00:00:00.123456');
insert into habit_record (`achievement_rate`, `created_at`, `day_number`, `deleted_at`, `habit_id`, `update_at`) values (100, '2023-10-11 00:00:00.123456', 60, NULL, 5, '2023-10-11 00:00:00.123456');
insert into habit_record (`achievement_rate`, `created_at`, `day_number`, `deleted_at`, `habit_id`, `update_at`) values (100, '2023-10-11 00:00:00.123456', 61, NULL, 5, '2023-10-11 00:00:00.123456');
insert into habit_record (`achievement_rate`, `created_at`, `day_number`, `deleted_at`, `habit_id`, `update_at`) values (100, '2023-10-11 00:00:00.123456', 62, NULL, 5, '2023-10-11 00:00:00.123456');
insert into habit_record (`achievement_rate`, `created_at`, `day_number`, `deleted_at`, `habit_id`, `update_at`) values (100, '2023-10-11 00:00:00.123456', 63, NULL, 5, '2023-10-11 00:00:00.123456');
insert into habit_record (`achievement_rate`, `created_at`, `day_number`, `deleted_at`, `habit_id`, `update_at`) values (100, '2023-10-11 00:00:00.123456', 64, NULL, 5, '2023-10-11 00:00:00.123456');
insert into habit_record (`achievement_rate`, `created_at`, `day_number`, `deleted_at`, `habit_id`, `update_at`) values (100, '2023-10-11 00:00:00.123456', 65, NULL, 5, '2023-10-11 00:00:00.123456');
insert into habit_record (`achievement_rate`, `created_at`, `day_number`, `deleted_at`, `habit_id`, `update_at`) values (100, '2023-10-11 00:00:00.123456', 66, NULL, 5, '2023-10-11 00:00:00.123456');


insert into habit_record (`achievement_rate`, `created_at`, `day_number`, `deleted_at`, `habit_id`, `update_at`) values (100, '2023-10-11 00:00:00.123456', 1, NULL, 6, '2023-10-11 00:00:00.123456');
insert into habit_record (`achievement_rate`, `created_at`, `day_number`, `deleted_at`, `habit_id`, `update_at`) values (100, '2023-10-11 00:00:00.123456', 2, NULL, 6, '2023-10-11 00:00:00.123456');
insert into habit_record (`achievement_rate`, `created_at`, `day_number`, `deleted_at`, `habit_id`, `update_at`) values (100, '2023-10-11 00:00:00.123456', 3, NULL, 6, '2023-10-11 00:00:00.123456');
insert into habit_record (`achievement_rate`, `created_at`, `day_number`, `deleted_at`, `habit_id`, `update_at`) values (100, '2023-10-11 00:00:00.123456', 4, NULL, 6, '2023-10-11 00:00:00.123456');
insert into habit_record (`achievement_rate`, `created_at`, `day_number`, `deleted_at`, `habit_id`, `update_at`) values (100, '2023-10-11 00:00:00.123456', 5, NULL, 6, '2023-10-11 00:00:00.123456');
insert into habit_record (`achievement_rate`, `created_at`, `day_number`, `deleted_at`, `habit_id`, `update_at`) values (100, '2023-10-11 00:00:00.123456', 6, NULL, 6, '2023-10-11 00:00:00.123456');
insert into habit_record (`achievement_rate`, `created_at`, `day_number`, `deleted_at`, `habit_id`, `update_at`) values (100, '2023-10-11 00:00:00.123456', 7, NULL, 6, '2023-10-11 00:00:00.123456');
insert into habit_record (`achievement_rate`, `created_at`, `day_number`, `deleted_at`, `habit_id`, `update_at`) values (100, '2023-10-11 00:00:00.123456', 8, NULL, 6, '2023-10-11 00:00:00.123456');
insert into habit_record (`achievement_rate`, `created_at`, `day_number`, `deleted_at`, `habit_id`, `update_at`) values (100, '2023-10-11 00:00:00.123456', 9, NULL, 6, '2023-10-11 00:00:00.123456');
insert into habit_record (`achievement_rate`, `created_at`, `day_number`, `deleted_at`, `habit_id`, `update_at`) values (100, '2023-10-11 00:00:00.123456', 10, NULL, 6, '2023-10-11 00:00:00.123456');
insert into habit_record (`achievement_rate`, `created_at`, `day_number`, `deleted_at`, `habit_id`, `update_at`) values (100, '2023-10-11 00:00:00.123456', 11, NULL, 6, '2023-10-11 00:00:00.123456');
insert into habit_record (`achievement_rate`, `created_at`, `day_number`, `deleted_at`, `habit_id`, `update_at`) values (100, '2023-10-11 00:00:00.123456', 12, NULL, 6, '2023-10-11 00:00:00.123456');
insert into habit_record (`achievement_rate`, `created_at`, `day_number`, `deleted_at`, `habit_id`, `update_at`) values (100, '2023-10-11 00:00:00.123456', 13, NULL, 6, '2023-10-11 00:00:00.123456');
insert into habit_record (`achievement_rate`, `created_at`, `day_number`, `deleted_at`, `habit_id`, `update_at`) values (100, '2023-10-11 00:00:00.123456', 14, NULL, 6, '2023-10-11 00:00:00.123456');
insert into habit_record (`achievement_rate`, `created_at`, `day_number`, `deleted_at`, `habit_id`, `update_at`) values (100, '2023-10-11 00:00:00.123456', 15, NULL, 6, '2023-10-11 00:00:00.123456');
insert into habit_record (`achievement_rate`, `created_at`, `day_number`, `deleted_at`, `habit_id`, `update_at`) values (100, '2023-10-11 00:00:00.123456', 16, NULL, 6, '2023-10-11 00:00:00.123456');
insert into habit_record (`achievement_rate`, `created_at`, `day_number`, `deleted_at`, `habit_id`, `update_at`) values (100, '2023-10-11 00:00:00.123456', 17, NULL, 6, '2023-10-11 00:00:00.123456');
insert into habit_record (`achievement_rate`, `created_at`, `day_number`, `deleted_at`, `habit_id`, `update_at`) values (100, '2023-10-11 00:00:00.123456', 18, NULL, 6, '2023-10-11 00:00:00.123456');
insert into habit_record (`achievement_rate`, `created_at`, `day_number`, `deleted_at`, `habit_id`, `update_at`) values (100, '2023-10-11 00:00:00.123456', 19, NULL, 6, '2023-10-11 00:00:00.123456');
insert into habit_record (`achievement_rate`, `created_at`, `day_number`, `deleted_at`, `habit_id`, `update_at`) values (100, '2023-10-11 00:00:00.123456', 20, NULL, 6, '2023-10-11 00:00:00.123456');
insert into habit_record (`achievement_rate`, `created_at`, `day_number`, `deleted_at`, `habit_id`, `update_at`) values (100, '2023-10-11 00:00:00.123456', 21, NULL, 6, '2023-10-11 00:00:00.123456');
insert into habit_record (`achievement_rate`, `created_at`, `day_number`, `deleted_at`, `habit_id`, `update_at`) values (100, '2023-10-11 00:00:00.123456', 22, NULL, 6, '2023-10-11 00:00:00.123456');
insert into habit_record (`achievement_rate`, `created_at`, `day_number`, `deleted_at`, `habit_id`, `update_at`) values (100, '2023-10-11 00:00:00.123456', 23, NULL, 6, '2023-10-11 00:00:00.123456');
insert into habit_record (`achievement_rate`, `created_at`, `day_number`, `deleted_at`, `habit_id`, `update_at`) values (100, '2023-10-11 00:00:00.123456', 24, NULL, 6, '2023-10-11 00:00:00.123456');
insert into habit_record (`achievement_rate`, `created_at`, `day_number`, `deleted_at`, `habit_id`, `update_at`) values (100, '2023-10-11 00:00:00.123456', 25, NULL, 6, '2023-10-11 00:00:00.123456');
insert into habit_record (`achievement_rate`, `created_at`, `day_number`, `deleted_at`, `habit_id`, `update_at`) values (100, '2023-10-11 00:00:00.123456', 26, NULL, 6, '2023-10-11 00:00:00.123456');
insert into habit_record (`achievement_rate`, `created_at`, `day_number`, `deleted_at`, `habit_id`, `update_at`) values (100, '2023-10-11 00:00:00.123456', 27, NULL, 6, '2023-10-11 00:00:00.123456');
insert into habit_record (`achievement_rate`, `created_at`, `day_number`, `deleted_at`, `habit_id`, `update_at`) values (100, '2023-10-11 00:00:00.123456', 28, NULL, 6, '2023-10-11 00:00:00.123456');
insert into habit_record (`achievement_rate`, `created_at`, `day_number`, `deleted_at`, `habit_id`, `update_at`) values (100, '2023-10-11 00:00:00.123456', 29, NULL, 6, '2023-10-11 00:00:00.123456');
insert into habit_record (`achievement_rate`, `created_at`, `day_number`, `deleted_at`, `habit_id`, `update_at`) values (100, '2023-10-11 00:00:00.123456', 30, NULL, 6, '2023-10-11 00:00:00.123456');
insert into habit_record (`achievement_rate`, `created_at`, `day_number`, `deleted_at`, `habit_id`, `update_at`) values (100, '2023-10-11 00:00:00.123456', 31, NULL, 6, '2023-10-11 00:00:00.123456');
insert into habit_record (`achievement_rate`, `created_at`, `day_number`, `deleted_at`, `habit_id`, `update_at`) values (100, '2023-10-11 00:00:00.123456', 32, NULL, 6, '2023-10-11 00:00:00.123456');
insert into habit_record (`achievement_rate`, `created_at`, `day_number`, `deleted_at`, `habit_id`, `update_at`) values (100, '2023-10-11 00:00:00.123456', 33, NULL, 6, '2023-10-11 00:00:00.123456');
insert into habit_record (`achievement_rate`, `created_at`, `day_number`, `deleted_at`, `habit_id`, `update_at`) values (100, '2023-10-11 00:00:00.123456', 34, NULL, 6, '2023-10-11 00:00:00.123456');
insert into habit_record (`achievement_rate`, `created_at`, `day_number`, `deleted_at`, `habit_id`, `update_at`) values (100, '2023-10-11 00:00:00.123456', 35, NULL, 6, '2023-10-11 00:00:00.123456');
insert into habit_record (`achievement_rate`, `created_at`, `day_number`, `deleted_at`, `habit_id`, `update_at`) values (100, '2023-10-11 00:00:00.123456', 36, NULL, 6, '2023-10-11 00:00:00.123456');
insert into habit_record (`achievement_rate`, `created_at`, `day_number`, `deleted_at`, `habit_id`, `update_at`) values (100, '2023-10-11 00:00:00.123456', 37, NULL, 6, '2023-10-11 00:00:00.123456');
insert into habit_record (`achievement_rate`, `created_at`, `day_number`, `deleted_at`, `habit_id`, `update_at`) values (100, '2023-10-11 00:00:00.123456', 38, NULL, 6, '2023-10-11 00:00:00.123456');
insert into habit_record (`achievement_rate`, `created_at`, `day_number`, `deleted_at`, `habit_id`, `update_at`) values (100, '2023-10-11 00:00:00.123456', 39, NULL, 6, '2023-10-11 00:00:00.123456');
insert into habit_record (`achievement_rate`, `created_at`, `day_number`, `deleted_at`, `habit_id`, `update_at`) values (100, '2023-10-11 00:00:00.123456', 40, NULL, 6, '2023-10-11 00:00:00.123456');
insert into habit_record (`achievement_rate`, `created_at`, `day_number`, `deleted_at`, `habit_id`, `update_at`) values (100, '2023-10-11 00:00:00.123456', 41, NULL, 6, '2023-10-11 00:00:00.123456');
insert into habit_record (`achievement_rate`, `created_at`, `day_number`, `deleted_at`, `habit_id`, `update_at`) values (100, '2023-10-11 00:00:00.123456', 42, NULL, 6, '2023-10-11 00:00:00.123456');
insert into habit_record (`achievement_rate`, `created_at`, `day_number`, `deleted_at`, `habit_id`, `update_at`) values (100, '2023-10-11 00:00:00.123456', 43, NULL, 6, '2023-10-11 00:00:00.123456');
insert into habit_record (`achievement_rate`, `created_at`, `day_number`, `deleted_at`, `habit_id`, `update_at`) values (100, '2023-10-11 00:00:00.123456', 44, NULL, 6, '2023-10-11 00:00:00.123456');
insert into habit_record (`achievement_rate`, `created_at`, `day_number`, `deleted_at`, `habit_id`, `update_at`) values (100, '2023-10-11 00:00:00.123456', 45, NULL, 6, '2023-10-11 00:00:00.123456');
insert into habit_record (`achievement_rate`, `created_at`, `day_number`, `deleted_at`, `habit_id`, `update_at`) values (100, '2023-10-11 00:00:00.123456', 46, NULL, 6, '2023-10-11 00:00:00.123456');
insert into habit_record (`achievement_rate`, `created_at`, `day_number`, `deleted_at`, `habit_id`, `update_at`) values (100, '2023-10-11 00:00:00.123456', 47, NULL, 6, '2023-10-11 00:00:00.123456');
insert into habit_record (`achievement_rate`, `created_at`, `day_number`, `deleted_at`, `habit_id`, `update_at`) values (100, '2023-10-11 00:00:00.123456', 48, NULL, 6, '2023-10-11 00:00:00.123456');
insert into habit_record (`achievement_rate`, `created_at`, `day_number`, `deleted_at`, `habit_id`, `update_at`) values (100, '2023-10-11 00:00:00.123456', 49, NULL, 6, '2023-10-11 00:00:00.123456');
insert into habit_record (`achievement_rate`, `created_at`, `day_number`, `deleted_at`, `habit_id`, `update_at`) values (100, '2023-10-11 00:00:00.123456', 50, NULL, 6, '2023-10-11 00:00:00.123456');
insert into habit_record (`achievement_rate`, `created_at`, `day_number`, `deleted_at`, `habit_id`, `update_at`) values (100, '2023-10-11 00:00:00.123456', 51, NULL, 6, '2023-10-11 00:00:00.123456');
insert into habit_record (`achievement_rate`, `created_at`, `day_number`, `deleted_at`, `habit_id`, `update_at`) values (100, '2023-10-11 00:00:00.123456', 52, NULL, 6, '2023-10-11 00:00:00.123456');
insert into habit_record (`achievement_rate`, `created_at`, `day_number`, `deleted_at`, `habit_id`, `update_at`) values (100, '2023-10-11 00:00:00.123456', 53, NULL, 6, '2023-10-11 00:00:00.123456');
insert into habit_record (`achievement_rate`, `created_at`, `day_number`, `deleted_at`, `habit_id`, `update_at`) values (100, '2023-10-11 00:00:00.123456', 54, NULL, 6, '2023-10-11 00:00:00.123456');
insert into habit_record (`achievement_rate`, `created_at`, `day_number`, `deleted_at`, `habit_id`, `update_at`) values (100, '2023-10-11 00:00:00.123456', 55, NULL, 6, '2023-10-11 00:00:00.123456');
insert into habit_record (`achievement_rate`, `created_at`, `day_number`, `deleted_at`, `habit_id`, `update_at`) values (100, '2023-10-11 00:00:00.123456', 56, NULL, 6, '2023-10-11 00:00:00.123456');
insert into habit_record (`achievement_rate`, `created_at`, `day_number`, `deleted_at`, `habit_id`, `update_at`) values (100, '2023-10-11 00:00:00.123456', 57, NULL, 6, '2023-10-11 00:00:00.123456');
insert into habit_record (`achievement_rate`, `created_at`, `day_number`, `deleted_at`, `habit_id`, `update_at`) values (100, '2023-10-11 00:00:00.123456', 58, NULL, 6, '2023-10-11 00:00:00.123456');
insert into habit_record (`achievement_rate`, `created_at`, `day_number`, `deleted_at`, `habit_id`, `update_at`) values (100, '2023-10-11 00:00:00.123456', 59, NULL, 6, '2023-10-11 00:00:00.123456');
insert into habit_record (`achievement_rate`, `created_at`, `day_number`, `deleted_at`, `habit_id`, `update_at`) values (100, '2023-10-11 00:00:00.123456', 60, NULL, 6, '2023-10-11 00:00:00.123456');
insert into habit_record (`achievement_rate`, `created_at`, `day_number`, `deleted_at`, `habit_id`, `update_at`) values (100, '2023-10-11 00:00:00.123456', 61, NULL, 6, '2023-10-11 00:00:00.123456');
insert into habit_record (`achievement_rate`, `created_at`, `day_number`, `deleted_at`, `habit_id`, `update_at`) values (100, '2023-10-11 00:00:00.123456', 62, NULL, 6, '2023-10-11 00:00:00.123456');
insert into habit_record (`achievement_rate`, `created_at`, `day_number`, `deleted_at`, `habit_id`, `update_at`) values (100, '2023-10-11 00:00:00.123456', 63, NULL, 6, '2023-10-11 00:00:00.123456');
insert into habit_record (`achievement_rate`, `created_at`, `day_number`, `deleted_at`, `habit_id`, `update_at`) values (100, '2023-10-11 00:00:00.123456', 64, NULL, 6, '2023-10-11 00:00:00.123456');
insert into habit_record (`achievement_rate`, `created_at`, `day_number`, `deleted_at`, `habit_id`, `update_at`) values (100, '2023-10-11 00:00:00.123456', 65, NULL, 6, '2023-10-11 00:00:00.123456');
insert into habit_record (`achievement_rate`, `created_at`, `day_number`, `deleted_at`, `habit_id`, `update_at`) values (100, '2023-10-11 00:00:00.123456', 66, NULL, 6, '2023-10-11 00:00:00.123456');


insert into habit_record (`achievement_rate`, `created_at`, `day_number`, `deleted_at`, `habit_id`, `update_at`) values (100, '2023-10-11 00:00:00.123456', 1, NULL, 7,'2023-10-11 00:00:00.123456');
insert into habit_record (`achievement_rate`, `created_at`, `day_number`, `deleted_at`, `habit_id`, `update_at`) values (100, '2023-10-11 00:00:00.123456', 2, NULL, 7,'2023-10-11 00:00:00.123456');
insert into habit_record (`achievement_rate`, `created_at`, `day_number`, `deleted_at`, `habit_id`, `update_at`) values (100, '2023-10-11 00:00:00.123456', 3, NULL, 7,'2023-10-11 00:00:00.123456');
insert into habit_record (`achievement_rate`, `created_at`, `day_number`, `deleted_at`, `habit_id`, `update_at`) values (100, '2023-10-11 00:00:00.123456', 4, NULL, 7,'2023-10-11 00:00:00.123456');
insert into habit_record (`achievement_rate`, `created_at`, `day_number`, `deleted_at`, `habit_id`, `update_at`) values (100, '2023-10-11 00:00:00.123456', 5, NULL, 7,'2023-10-11 00:00:00.123456');
insert into habit_record (`achievement_rate`, `created_at`, `day_number`, `deleted_at`, `habit_id`, `update_at`) values (100, '2023-10-11 00:00:00.123456', 6, NULL, 7,'2023-10-11 00:00:00.123456');
insert into habit_record (`achievement_rate`, `created_at`, `day_number`, `deleted_at`, `habit_id`, `update_at`) values (100, '2023-10-11 00:00:00.123456', 7, NULL, 7,'2023-10-11 00:00:00.123456');
insert into habit_record (`achievement_rate`, `created_at`, `day_number`, `deleted_at`, `habit_id`, `update_at`) values (100, '2023-10-11 00:00:00.123456', 8, NULL, 7,'2023-10-11 00:00:00.123456');
insert into habit_record (`achievement_rate`, `created_at`, `day_number`, `deleted_at`, `habit_id`, `update_at`) values (100, '2023-10-11 00:00:00.123456', 9, NULL, 7,'2023-10-11 00:00:00.123456');
insert into habit_record (`achievement_rate`, `created_at`, `day_number`, `deleted_at`, `habit_id`, `update_at`) values (100, '2023-10-11 00:00:00.123456', 10, NULL, 7, '2023-10-11 00:00:00.123456');
insert into habit_record (`achievement_rate`, `created_at`, `day_number`, `deleted_at`, `habit_id`, `update_at`) values (100, '2023-10-11 00:00:00.123456', 11, NULL, 7, '2023-10-11 00:00:00.123456');
insert into habit_record (`achievement_rate`, `created_at`, `day_number`, `deleted_at`, `habit_id`, `update_at`) values (100, '2023-10-11 00:00:00.123456', 12, NULL, 7, '2023-10-11 00:00:00.123456');
insert into habit_record (`achievement_rate`, `created_at`, `day_number`, `deleted_at`, `habit_id`, `update_at`) values (100, '2023-10-11 00:00:00.123456', 13, NULL, 7, '2023-10-11 00:00:00.123456');
insert into habit_record (`achievement_rate`, `created_at`, `day_number`, `deleted_at`, `habit_id`, `update_at`) values (100, '2023-10-11 00:00:00.123456', 14, NULL, 7, '2023-10-11 00:00:00.123456');
insert into habit_record (`achievement_rate`, `created_at`, `day_number`, `deleted_at`, `habit_id`, `update_at`) values (100, '2023-10-11 00:00:00.123456', 15, NULL, 7, '2023-10-11 00:00:00.123456');
insert into habit_record (`achievement_rate`, `created_at`, `day_number`, `deleted_at`, `habit_id`, `update_at`) values (100, '2023-10-11 00:00:00.123456', 16, NULL, 7, '2023-10-11 00:00:00.123456');
insert into habit_record (`achievement_rate`, `created_at`, `day_number`, `deleted_at`, `habit_id`, `update_at`) values (100, '2023-10-11 00:00:00.123456', 17, NULL, 7, '2023-10-11 00:00:00.123456');
insert into habit_record (`achievement_rate`, `created_at`, `day_number`, `deleted_at`, `habit_id`, `update_at`) values (100, '2023-10-11 00:00:00.123456', 18, NULL, 7, '2023-10-11 00:00:00.123456');
insert into habit_record (`achievement_rate`, `created_at`, `day_number`, `deleted_at`, `habit_id`, `update_at`) values (100, '2023-10-11 00:00:00.123456', 19, NULL, 7, '2023-10-11 00:00:00.123456');
insert into habit_record (`achievement_rate`, `created_at`, `day_number`, `deleted_at`, `habit_id`, `update_at`) values (100, '2023-10-11 00:00:00.123456', 20, NULL, 7, '2023-10-11 00:00:00.123456');
insert into habit_record (`achievement_rate`, `created_at`, `day_number`, `deleted_at`, `habit_id`, `update_at`) values (100, '2023-10-11 00:00:00.123456', 21, NULL, 7, '2023-10-11 00:00:00.123456');
insert into habit_record (`achievement_rate`, `created_at`, `day_number`, `deleted_at`, `habit_id`, `update_at`) values (100, '2023-10-11 00:00:00.123456', 22, NULL, 7, '2023-10-11 00:00:00.123456');
insert into habit_record (`achievement_rate`, `created_at`, `day_number`, `deleted_at`, `habit_id`, `update_at`) values (100, '2023-10-11 00:00:00.123456', 23, NULL, 7, '2023-10-11 00:00:00.123456');
insert into habit_record (`achievement_rate`, `created_at`, `day_number`, `deleted_at`, `habit_id`, `update_at`) values (100, '2023-10-11 00:00:00.123456', 24, NULL, 7, '2023-10-11 00:00:00.123456');
insert into habit_record (`achievement_rate`, `created_at`, `day_number`, `deleted_at`, `habit_id`, `update_at`) values (100, '2023-10-11 00:00:00.123456', 25, NULL, 7, '2023-10-11 00:00:00.123456');
insert into habit_record (`achievement_rate`, `created_at`, `day_number`, `deleted_at`, `habit_id`, `update_at`) values (100, '2023-10-11 00:00:00.123456', 26, NULL, 7, '2023-10-11 00:00:00.123456');
insert into habit_record (`achievement_rate`, `created_at`, `day_number`, `deleted_at`, `habit_id`, `update_at`) values (100, '2023-10-11 00:00:00.123456', 27, NULL, 7, '2023-10-11 00:00:00.123456');
insert into habit_record (`achievement_rate`, `created_at`, `day_number`, `deleted_at`, `habit_id`, `update_at`) values (100, '2023-10-11 00:00:00.123456', 28, NULL, 7, '2023-10-11 00:00:00.123456');
insert into habit_record (`achievement_rate`, `created_at`, `day_number`, `deleted_at`, `habit_id`, `update_at`) values (100, '2023-10-11 00:00:00.123456', 29, NULL, 7, '2023-10-11 00:00:00.123456');
insert into habit_record (`achievement_rate`, `created_at`, `day_number`, `deleted_at`, `habit_id`, `update_at`) values (100, '2023-10-11 00:00:00.123456', 30, NULL, 7, '2023-10-11 00:00:00.123456');
insert into habit_record (`achievement_rate`, `created_at`, `day_number`, `deleted_at`, `habit_id`, `update_at`) values (100, '2023-10-11 00:00:00.123456', 31, NULL, 7, '2023-10-11 00:00:00.123456');
insert into habit_record (`achievement_rate`, `created_at`, `day_number`, `deleted_at`, `habit_id`, `update_at`) values (100, '2023-10-11 00:00:00.123456', 32, NULL, 7, '2023-10-11 00:00:00.123456');
insert into habit_record (`achievement_rate`, `created_at`, `day_number`, `deleted_at`, `habit_id`, `update_at`) values (100, '2023-10-11 00:00:00.123456', 33, NULL, 7, '2023-10-11 00:00:00.123456');
insert into habit_record (`achievement_rate`, `created_at`, `day_number`, `deleted_at`, `habit_id`, `update_at`) values (100, '2023-10-11 00:00:00.123456', 34, NULL, 7, '2023-10-11 00:00:00.123456');
insert into habit_record (`achievement_rate`, `created_at`, `day_number`, `deleted_at`, `habit_id`, `update_at`) values (100, '2023-10-11 00:00:00.123456', 35, NULL, 7, '2023-10-11 00:00:00.123456');
insert into habit_record (`achievement_rate`, `created_at`, `day_number`, `deleted_at`, `habit_id`, `update_at`) values (100, '2023-10-11 00:00:00.123456', 36, NULL, 7, '2023-10-11 00:00:00.123456');
insert into habit_record (`achievement_rate`, `created_at`, `day_number`, `deleted_at`, `habit_id`, `update_at`) values (100, '2023-10-11 00:00:00.123456', 37, NULL, 7, '2023-10-11 00:00:00.123456');
insert into habit_record (`achievement_rate`, `created_at`, `day_number`, `deleted_at`, `habit_id`, `update_at`) values (100, '2023-10-11 00:00:00.123456', 38, NULL, 7, '2023-10-11 00:00:00.123456');
insert into habit_record (`achievement_rate`, `created_at`, `day_number`, `deleted_at`, `habit_id`, `update_at`) values (100, '2023-10-11 00:00:00.123456', 39, NULL, 7, '2023-10-11 00:00:00.123456');
insert into habit_record (`achievement_rate`, `created_at`, `day_number`, `deleted_at`, `habit_id`, `update_at`) values (100, '2023-10-11 00:00:00.123456', 40, NULL, 7, '2023-10-11 00:00:00.123456');
insert into habit_record (`achievement_rate`, `created_at`, `day_number`, `deleted_at`, `habit_id`, `update_at`) values (100, '2023-10-11 00:00:00.123456', 41, NULL, 7, '2023-10-11 00:00:00.123456');
insert into habit_record (`achievement_rate`, `created_at`, `day_number`, `deleted_at`, `habit_id`, `update_at`) values (100, '2023-10-11 00:00:00.123456', 42, NULL, 7, '2023-10-11 00:00:00.123456');
insert into habit_record (`achievement_rate`, `created_at`, `day_number`, `deleted_at`, `habit_id`, `update_at`) values (100, '2023-10-11 00:00:00.123456', 43, NULL, 7, '2023-10-11 00:00:00.123456');
insert into habit_record (`achievement_rate`, `created_at`, `day_number`, `deleted_at`, `habit_id`, `update_at`) values (100, '2023-10-11 00:00:00.123456', 44, NULL, 7, '2023-10-11 00:00:00.123456');
insert into habit_record (`achievement_rate`, `created_at`, `day_number`, `deleted_at`, `habit_id`, `update_at`) values (100, '2023-10-11 00:00:00.123456', 45, NULL, 7, '2023-10-11 00:00:00.123456');
insert into habit_record (`achievement_rate`, `created_at`, `day_number`, `deleted_at`, `habit_id`, `update_at`) values (100, '2023-10-11 00:00:00.123456', 46, NULL, 7, '2023-10-11 00:00:00.123456');
insert into habit_record (`achievement_rate`, `created_at`, `day_number`, `deleted_at`, `habit_id`, `update_at`) values (100, '2023-10-11 00:00:00.123456', 47, NULL, 7, '2023-10-11 00:00:00.123456');
insert into habit_record (`achievement_rate`, `created_at`, `day_number`, `deleted_at`, `habit_id`, `update_at`) values (100, '2023-10-11 00:00:00.123456', 48, NULL, 7, '2023-10-11 00:00:00.123456');
insert into habit_record (`achievement_rate`, `created_at`, `day_number`, `deleted_at`, `habit_id`, `update_at`) values (100, '2023-10-11 00:00:00.123456', 49, NULL, 7, '2023-10-11 00:00:00.123456');
insert into habit_record (`achievement_rate`, `created_at`, `day_number`, `deleted_at`, `habit_id`, `update_at`) values (100, '2023-10-11 00:00:00.123456', 50, NULL, 7, '2023-10-11 00:00:00.123456');
insert into habit_record (`achievement_rate`, `created_at`, `day_number`, `deleted_at`, `habit_id`, `update_at`) values (100, '2023-10-11 00:00:00.123456', 51, NULL, 7, '2023-10-11 00:00:00.123456');
insert into habit_record (`achievement_rate`, `created_at`, `day_number`, `deleted_at`, `habit_id`, `update_at`) values (100, '2023-10-11 00:00:00.123456', 52, NULL, 7, '2023-10-11 00:00:00.123456');
insert into habit_record (`achievement_rate`, `created_at`, `day_number`, `deleted_at`, `habit_id`, `update_at`) values (100, '2023-10-11 00:00:00.123456', 53, NULL, 7, '2023-10-11 00:00:00.123456');
insert into habit_record (`achievement_rate`, `created_at`, `day_number`, `deleted_at`, `habit_id`, `update_at`) values (100, '2023-10-11 00:00:00.123456', 54, NULL, 7, '2023-10-11 00:00:00.123456');
insert into habit_record (`achievement_rate`, `created_at`, `day_number`, `deleted_at`, `habit_id`, `update_at`) values (100, '2023-10-11 00:00:00.123456', 55, NULL, 7, '2023-10-11 00:00:00.123456');
insert into habit_record (`achievement_rate`, `created_at`, `day_number`, `deleted_at`, `habit_id`, `update_at`) values (100, '2023-10-11 00:00:00.123456', 56, NULL, 7, '2023-10-11 00:00:00.123456');
insert into habit_record (`achievement_rate`, `created_at`, `day_number`, `deleted_at`, `habit_id`, `update_at`) values (100, '2023-10-11 00:00:00.123456', 57, NULL, 7, '2023-10-11 00:00:00.123456');
insert into habit_record (`achievement_rate`, `created_at`, `day_number`, `deleted_at`, `habit_id`, `update_at`) values (100, '2023-10-11 00:00:00.123456', 58, NULL, 7, '2023-10-11 00:00:00.123456');
insert into habit_record (`achievement_rate`, `created_at`, `day_number`, `deleted_at`, `habit_id`, `update_at`) values (100, '2023-10-11 00:00:00.123456', 59, NULL, 7, '2023-10-11 00:00:00.123456');
insert into habit_record (`achievement_rate`, `created_at`, `day_number`, `deleted_at`, `habit_id`, `update_at`) values (100, '2023-10-11 00:00:00.123456', 60, NULL, 7, '2023-10-11 00:00:00.123456');
insert into habit_record (`achievement_rate`, `created_at`, `day_number`, `deleted_at`, `habit_id`, `update_at`) values (100, '2023-10-11 00:00:00.123456', 61, NULL, 7, '2023-10-11 00:00:00.123456');
insert into habit_record (`achievement_rate`, `created_at`, `day_number`, `deleted_at`, `habit_id`, `update_at`) values (100, '2023-10-11 00:00:00.123456', 62, NULL, 7, '2023-10-11 00:00:00.123456');
insert into habit_record (`achievement_rate`, `created_at`, `day_number`, `deleted_at`, `habit_id`, `update_at`) values (100, '2023-10-11 00:00:00.123456', 63, NULL, 7, '2023-10-11 00:00:00.123456');
insert into habit_record (`achievement_rate`, `created_at`, `day_number`, `deleted_at`, `habit_id`, `update_at`) values (100, '2023-10-11 00:00:00.123456', 64, NULL, 7, '2023-10-11 00:00:00.123456');
insert into habit_record (`achievement_rate`, `created_at`, `day_number`, `deleted_at`, `habit_id`, `update_at`) values (100, '2023-10-11 00:00:00.123456', 65, NULL, 7, '2023-10-11 00:00:00.123456');
insert into habit_record (`achievement_rate`, `created_at`, `day_number`, `deleted_at`, `habit_id`, `update_at`) values (100, '2023-10-11 00:00:00.123456', 66, NULL, 7, '2023-10-11 00:00:00.123456');
